Workbook

Sheet TỔNG THÁNG 08
A1: TỔNG THÁNG 08 | D1: SỐ CHUYẾN THEO CHỦ HÀNG | U1: TRẠNG THÁI | Z1: ĐÁNH GIÁ
A2: STT | B2: Biển số | C2: TỔNG | D2: Khai Anh | E2: Kim Bàng | F2: Vưu Đức Phát | G2: Phương Trang | H2: Lúa Vàng | I2: Hồng Nga | J2: Thuận An | K2: SIM | L2: THẢO AN | M2: Emivest | N2: LTP | O2: RICO | P2: Nhất Thành | Q2: Hoàng Mạnh Thắng | R2: TRANSIN | S2: HDVL | U2: TRỐNG LỊCH | V2: CHUYỂN ĐIỂM | W2: RỚT NHÀ MÁY | X2: TÀI XẾ NGHỈ | Z2: Ngày chạy | AA2: % HĐ | AB2: Hạng
B3: TỔNG | C3: =SUM(D3:S3) -> 629 | D3: =SUM(D5:D30) -> 348 | E3: =SUM(E5:E30) -> 7 | F3: =SUM(F5:F30) -> 28 | G3: =SUM(G5:G30) -> 5 | H3: =SUM(H5:H30) -> 10 | I3: =SUM(I5:I30) -> 0 | J3: =SUM(J5:J30) -> 50 | K3: =SUM(K5:K30) -> 0 | ... S3: =SUM(S5:S30) -> 55 | U3: =SUM(U5:U30) -> 13 | V3: =SUM(V5:V30) -> 7 | W3: =SUM(W5:W30) -> 18 | X3: =SUM(X5:X30) -> 60 | Z3: =SUM(Z5:Z30) -> 570
A5: 1 | B5: 63H04273 | C5: =SUM(D5:S5) -> 24 | D5: =COUNTIF($AN5:$EB5,D$2) -> 12 | E5: =COUNTIF($AN5:$EB5,E$2) -> 0 | F5: =COUNTIF($AN5:$EB5,F$2) -> 2 | G5: =COUNTIF($AN5:$EB5,G$2) -> 0 | H5: =COUNTIF($AN5:$EB5,H$2) -> 2 | I5: =COUNTIF($AN5:$EB5,I$2) -> 0 | J5: =COUNTIF($AN5:$EB5,J$2) -> 2 | K5: =COUNTIF($AN5:$EB5,K$2) -> 0 | ... S5: =COUNTIF($AN5:$EB5,S$2) -> 4 | U5: =COUNTIF($AN5:$EB5,U$2) -> 0 | V5: =COUNTIF($AN5:$EB5,V$2) -> 1 | W5: =COUNTIF($AN5:$EB5,W$2) -> 1 | X5: =COUNTIF($AN5:$EB5,X$2) -> 0 | Z5: ='01 - T7'!$N$3+'02 - CN'!$N$3+'03 - T2'!$N$3+'04 - T3'!$N$3+'05 - T4'!$N$3+'06 - T5'!$N$3+'07 - T6'!$N$3+'08 - T7'!$N$3+'09 - CN'!$N$3+'10 - T2'!$N$3+'11 - T3'!$N$3+'12 - T4'!$N$3+'13 - T5'!$N$3+'14 - T6'!$N$3+'15 - T7'!$N$3+'16 - CN'!$N$3+'17 - T2'!$N$3+'18 - T3'!$N$3+'19 - T4'!$N$3+'20 - T5'!$N$3+'21 - T6'!$N$3+'22 - T7'!$N$3+'23 - CN'!$N$3+'24 - T2'!$N$3+'25 - T3'!$N$3+'26 - T4'!$N$3+'27 - T5'!$N$3+'28 - T6'!$N$3+'29 - T7'!$N$3+'30 - CN'!$N$3+'31 - T2'!$N$3 -> 22 | AA5: =IF(B5="","",Z5/31) -> 0.70967742 | AB5: =IF(B5="","",RANK(C5,$C$5:$C$30,0)) -> 17 | AN5: ='01 - T7'!$E$3 -> HDVL | AO5: ='01 - T7'!$G$3 | AP5: ='01 - T7'!$I$3 | AQ5: ='02 - CN'!$E$3 | AR5: ='02 - CN'!$G$3 | AS5: ='02 - CN'!$I$3 | AT5: ='03 - T2'!$E$3 -> Lúa Vàng | AU5: ='03 - T2'!$G$3 | AV5: ='03 - T2'!$I$3 | AW5: ='04 - T3'!$E$3 -> Hoàng Mạnh Thắng | AX5: ='04 - T3'!$G$3 -> HDVL | AY5: ='04 - T3'!$I$3 | AZ5: ='05 - T4'!$E$3 | BA5: ='05 - T4'!$G$3 | BB5: ='05 - T4'!$I$3 | BC5: ='06 - T5'!$E$3 -> HDVL | BD5: ='06 - T5'!$G$3 | BE5: ='06 - T5'!$I$3 | BF5: ='07 - T6'!$E$3 -> Khai Anh | BG5: ='07 - T6'!$G$3 | BH5: ='07 - T6'!$I$3 | BI5: ='08 - T7'!$E$3 -> HDVL | BJ5: ='08 - T7'!$G$3 | BK5: ='08 - T7'!$I$3 | BL5: ='09 - CN'!$E$3 -> Khai Anh | BM5: ='09 - CN'!$G$3 | BN5: ='09 - CN'!$I$3 | BO5: ='10 - T2'!$E$3 -> CHUYỂN ĐIỂM | BP5: ='10 - T2'!$G$3 | BQ5: ='10 - T2'!$I$3 | BR5: ='11 - T3'!$E$3 -> Khai Anh | BS5: ='11 - T3'!$G$3 | BT5: ='11 - T3'!$I$3 | BU5: ='12 - T4'!$E$3 | BV5: ='12 - T4'!$G$3 | BW5: ='12 - T4'!$I$3 | BX5: ='13 - T5'!$E$3 -> Khai Anh | BY5: ='13 - T5'!$G$3 | BZ5: ='13 - T5'!$I$3 | CA5: ='14 - T6'!$E$3 -> Khai Anh | CB5: ='14 - T6'!$G$3 | CC5: ='14 - T6'!$I$3 | CD5: ='15 - T7'!$E$3 | CE5: ='15 - T7'!$G$3 | CF5: ='15 - T7'!$I$3 | CG5: ='16 - CN'!$E$3 -> Khai Anh | CH5: ='16 - CN'!$G$3 | CI5: ='16 - CN'!$I$3 | CJ5: ='17 - T2'!$E$3 -> Lúa Vàng | CK5: ='17 - T2'!$G$3 | CL5: ='17 - T2'!$I$3 | CM5: ='18 - T3'!$E$3 -> Khai Anh | CN5: ='18 - T3'!$G$3 | CO5: ='18 - T3'!$I$3 | CP5: ='19 - T4'!$E$3 -> Khai Anh | CQ5: ='19 - T4'!$G$3 | CR5: ='19 - T4'!$I$3 | CS5: ='20 - T5'!$E$3 -> Khai Anh | CT5: ='20 - T5'!$G$3 | CU5: ='20 - T5'!$I$3 | CV5: ='21 - T6'!$E$3 -> Khai Anh | CW5: ='21 - T6'!$G$3 | CX5: ='21 - T6'!$I$3 | CY5: ='22 - T7'!$E$3 | CZ5: ='22 - T7'!$G$3 | DA5: ='22 - T7'!$I$3 | DB5: ='23 - CN'!$E$3 -> RỚT NHÀ MÁY | DC5: ='23 - CN'!$G$3 | DD5: ='23 - CN'!$I$3 | DE5: ='24 - T2'!$E$3 -> Vưu Đức Phát | DF5: ='24 - T2'!$G$3 | DG5: ='24 - T2'!$I$3 | DH5: ='25 - T3'!$E$3 -> Khai Anh | DI5: ='25 - T3'!$G$3 | DJ5: ='25 - T3'!$I$3 | DK5: ='26 - T4'!$E$3 -> Thuận An | DL5: ='26 - T4'!$G$3 | DM5: ='26 - T4'!$I$3 | DN5: ='27 - T5'!$E$3 -> Hoàng Mạnh Thắng | DO5: ='27 - T5'!$G$3 -> Khai Anh | DP5: ='27 - T5'!$I$3 | DQ5: ='28 - T6'!$E$3 -> Vưu Đức Phát | DR5: ='28 - T6'!$G$3 | DS5: ='28 - T6'!$I$3 | DT5: ='29 - T7'!$E$3 -> Thuận An | DU5: ='29 - T7'!$G$3 | DV5: ='29 - T7'!$I$3 | DW5: ='30 - CN'!$E$3 | DX5: ='30 - CN'!$G$3 | DY5: ='30 - CN'!$I$3 | DZ5: ='31 - T2'!$E$3 | EA5: ='31 - T2'!$G$3 | EB5: ='31 - T2'!$I$3
A6: 2 | B6: 63G00286 | C6: =SUM(D6:S6) -> 32 | D6: =COUNTIF($AN6:$EB6,D$2) -> 17 | E6: =COUNTIF($AN6:$EB6,E$2) -> 0 | F6: =COUNTIF($AN6:$EB6,F$2) -> 0 | G6: =COUNTIF($AN6:$EB6,G$2) -> 0 | H6: =COUNTIF($AN6:$EB6,H$2) -> 0 | I6: =COUNTIF($AN6:$EB6,I$2) -> 0 | J6: =COUNTIF($AN6:$EB6,J$2) -> 3 | K6: =COUNTIF($AN6:$EB6,K$2) -> 0 | ... S6: =COUNTIF($AN6:$EB6,S$2) -> 0 | U6: =COUNTIF($AN6:$EB6,U$2) -> 0 | V6: =COUNTIF($AN6:$EB6,V$2) -> 0 | W6: =COUNTIF($AN6:$EB6,W$2) -> 3 | X6: =COUNTIF($AN6:$EB6,X$2) -> 0 | Z6: ='01 - T7'!$N$4+'02 - CN'!$N$4+'03 - T2'!$N$4+'04 - T3'!$N$4+'05 - T4'!$N$4+'06 - T5'!$N$4+'07 - T6'!$N$4+'08 - T7'!$N$4+'09 - CN'!$N$4+'10 - T2'!$N$4+'11 - T3'!$N$4+'12 - T4'!$N$4+'13 - T5'!$N$4+'14 - T6'!$N$4+'15 - T7'!$N$4+'16 - CN'!$N$4+'17 - T2'!$N$4+'18 - T3'!$N$4+'19 - T4'!$N$4+'20 - T5'!$N$4+'21 - T6'!$N$4+'22 - T7'!$N$4+'23 - CN'!$N$4+'24 - T2'!$N$4+'25 - T3'!$N$4+'26 - T4'!$N$4+'27 - T5'!$N$4+'28 - T6'!$N$4+'29 - T7'!$N$4+'30 - CN'!$N$4+'31 - T2'!$N$4 -> 24 | AA6: =IF(B6="","",Z6/31) -> 0.77419355 | AB6: =IF(B6="","",RANK(C6,$C$5:$C$30,0)) -> 1 | AN6: ='01 - T7'!$E$4 -> Hoàng Mạnh Thắng | AO6: ='01 - T7'!$G$4 | AP6: ='01 - T7'!$I$4 | AQ6: ='02 - CN'!$E$4 -> Hoàng Mạnh Thắng | AR6: ='02 - CN'!$G$4 -> Hoàng Mạnh Thắng | AS6: ='02 - CN'!$I$4 | AT6: ='03 - T2'!$E$4 -> Hoàng Mạnh Thắng | AU6: ='03 - T2'!$G$4 | AV6: ='03 - T2'!$I$4 | AW6: ='04 - T3'!$E$4 -> Hoàng Mạnh Thắng | AX6: ='04 - T3'!$G$4 | AY6: ='04 - T3'!$I$4 | AZ6: ='05 - T4'!$E$4 -> Khai Anh | BA6: ='05 - T4'!$G$4 | BB6: ='05 - T4'!$I$4 | BC6: ='06 - T5'!$E$4 -> Hoàng Mạnh Thắng | BD6: ='06 - T5'!$G$4 -> Hoàng Mạnh Thắng | BE6: ='06 - T5'!$I$4 | BF6: ='07 - T6'!$E$4 -> Hoàng Mạnh Thắng | BG6: ='07 - T6'!$G$4 -> Khai Anh | BH6: ='07 - T6'!$I$4 | BI6: ='08 - T7'!$E$4 -> RỚT NHÀ MÁY | BJ6: ='08 - T7'!$G$4 | BK6: ='08 - T7'!$I$4 | BL6: ='09 - CN'!$E$4 -> RỚT NHÀ MÁY | BM6: ='09 - CN'!$G$4 | BN6: ='09 - CN'!$I$4 | BO6: ='10 - T2'!$E$4 -> Hoàng Mạnh Thắng | BP6: ='10 - T2'!$G$4 -> Khai Anh | BQ6: ='10 - T2'!$I$4 | BR6: ='11 - T3'!$E$4 -> Khai Anh | BS6: ='11 - T3'!$G$4 | BT6: ='11 - T3'!$I$4 | BU6: ='12 - T4'!$E$4 -> RICO | BV6: ='12 - T4'!$G$4 -> Khai Anh | BW6: ='12 - T4'!$I$4 | BX6: ='13 - T5'!$E$4 -> Khai Anh | BY6: ='13 - T5'!$G$4 | BZ6: ='13 - T5'!$I$4 | CA6: ='14 - T6'!$E$4 -> Khai Anh | CB6: ='14 - T6'!$G$4 | CC6: ='14 - T6'!$I$4 | CD6: ='15 - T7'!$E$4 | CE6: ='15 - T7'!$G$4 | CF6: ='15 - T7'!$I$4 | CG6: ='16 - CN'!$E$4 -> Khai Anh | CH6: ='16 - CN'!$G$4 | CI6: ='16 - CN'!$I$4 | CJ6: ='17 - T2'!$E$4 -> Khai Anh | CK6: ='17 - T2'!$G$4 -> Thuận An | CL6: ='17 - T2'!$I$4 | CM6: ='18 - T3'!$E$4 -> Khai Anh | CN6: ='18 - T3'!$G$4 | CO6: ='18 - T3'!$I$4 | CP6: ='19 - T4'!$E$4 -> Khai Anh | CQ6: ='19 - T4'!$G$4 -> Khai Anh | CR6: ='19 - T4'!$I$4 | CS6: ='20 - T5'!$E$4 -> Khai Anh | CT6: ='20 - T5'!$G$4 | CU6: ='20 - T5'!$I$4 | CV6: ='21 - T6'!$E$4 -> Khai Anh | CW6: ='21 - T6'!$G$4 | CX6: ='21 - T6'!$I$4 | CY6: ='22 - T7'!$E$4 | CZ6: ='22 - T7'!$G$4 | DA6: ='22 - T7'!$I$4 | DB6: ='23 - CN'!$E$4 -> RỚT NHÀ MÁY | DC6: ='23 - CN'!$G$4 | DD6: ='23 - CN'!$I$4 | DE6: ='24 - T2'!$E$4 -> Khai Anh | DF6: ='24 - T2'!$G$4 | DG6: ='24 - T2'!$I$4 | DH6: ='25 - T3'!$E$4 -> Thuận An | DI6: ='25 - T3'!$G$4 | DJ6: ='25 - T3'!$I$4 | DK6: ='26 - T4'!$E$4 -> Khai Anh | DL6: ='26 - T4'!$G$4 | DM6: ='26 - T4'!$I$4 | DN6: ='27 - T5'!$E$4 -> Hoàng Mạnh Thắng | DO6: ='27 - T5'!$G$4 -> Khai Anh | DP6: ='27 - T5'!$I$4 | DQ6: ='28 - T6'!$E$4 -> Thuận An | DR6: ='28 - T6'!$G$4 | DS6: ='28 - T6'!$I$4 | DT6: ='29 - T7'!$E$4 -> LTP | DU6: ='29 - T7'!$G$4 | DV6: ='29 - T7'!$I$4 | DW6: ='30 - CN'!$E$4 | DX6: ='30 - CN'!$G$4 | DY6: ='30 - CN'!$I$4 | DZ6: ='31 - T2'!$E$4 | EA6: ='31 - T2'!$G$4 | EB6: ='31 - T2'!$I$4
A7: 3 | B7: 63E01156 | C7: =SUM(D7:S7) -> 31 | D7: =COUNTIF($AN7:$EB7,D$2) -> 19 | E7: =COUNTIF($AN7:$EB7,E$2) -> 0 | F7: =COUNTIF($AN7:$EB7,F$2) -> 0 | G7: =COUNTIF($AN7:$EB7,G$2) -> 0 | H7: =COUNTIF($AN7:$EB7,H$2) -> 1 | I7: =COUNTIF($AN7:$EB7,I$2) -> 0 | J7: =COUNTIF($AN7:$EB7,J$2) -> 2 | K7: =COUNTIF($AN7:$EB7,K$2) -> 0 | ... S7: =COUNTIF($AN7:$EB7,S$2) -> 2 | U7: =COUNTIF($AN7:$EB7,U$2) -> 0 | V7: =COUNTIF($AN7:$EB7,V$2) -> 0 | W7: =COUNTIF($AN7:$EB7,W$2) -> 0 | X7: =COUNTIF($AN7:$EB7,X$2) -> 0 | Z7: ='01 - T7'!$N$5+'02 - CN'!$N$5+'03 - T2'!$N$5+'04 - T3'!$N$5+'05 - T4'!$N$5+'06 - T5'!$N$5+'07 - T6'!$N$5+'08 - T7'!$N$5+'09 - CN'!$N$5+'10 - T2'!$N$5+'11 - T3'!$N$5+'12 - T4'!$N$5+'13 - T5'!$N$5+'14 - T6'!$N$5+'15 - T7'!$N$5+'16 - CN'!$N$5+'17 - T2'!$N$5+'18 - T3'!$N$5+'19 - T4'!$N$5+'20 - T5'!$N$5+'21 - T6'!$N$5+'22 - T7'!$N$5+'23 - CN'!$N$5+'24 - T2'!$N$5+'25 - T3'!$N$5+'26 - T4'!$N$5+'27 - T5'!$N$5+'28 - T6'!$N$5+'29 - T7'!$N$5+'30 - CN'!$N$5+'31 - T2'!$N$5 -> 27 | AA7: =IF(B7="","",Z7/31) -> 0.87096774 | AB7: =IF(B7="","",RANK(C7,$C$5:$C$30,0)) -> 2 | AN7: ='01 - T7'!$E$5 -> Khai Anh | AO7: ='01 - T7'!$G$5 | AP7: ='01 - T7'!$I$5 | AQ7: ='02 - CN'!$E$5 -> Khai Anh | AR7: ='02 - CN'!$G$5 | AS7: ='02 - CN'!$I$5 | AT7: ='03 - T2'!$E$5 -> Hoàng Mạnh Thắng | AU7: ='03 - T2'!$G$5 | AV7: ='03 - T2'!$I$5 | AW7: ='04 - T3'!$E$5 -> Hoàng Mạnh Thắng | AX7: ='04 - T3'!$G$5 -> Hoàng Mạnh Thắng | AY7: ='04 - T3'!$I$5 -> Khai Anh | AZ7: ='05 - T4'!$E$5 -> HDVL | BA7: ='05 - T4'!$G$5 | BB7: ='05 - T4'!$I$5 | BC7: ='06 - T5'!$E$5 -> Khai Anh | BD7: ='06 - T5'!$G$5 | BE7: ='06 - T5'!$I$5 | BF7: ='07 - T6'!$E$5 -> Hoàng Mạnh Thắng | BG7: ='07 - T6'!$G$5 -> Khai Anh | BH7: ='07 - T6'!$I$5 | BI7: ='08 - T7'!$E$5 -> Hoàng Mạnh Thắng | BJ7: ='08 - T7'!$G$5 | BK7: ='08 - T7'!$I$5 | BL7: ='09 - CN'!$E$5 -> Hoàng Mạnh Thắng | BM7: ='09 - CN'!$G$5 | BN7: ='09 - CN'!$I$5 | BO7: ='10 - T2'!$E$5 -> Khai Anh | BP7: ='10 - T2'!$G$5 | BQ7: ='10 - T2'!$I$5 | BR7: ='11 - T3'!$E$5 -> Khai Anh | BS7: ='11 - T3'!$G$5 | BT7: ='11 - T3'!$I$5 | BU7: ='12 - T4'!$E$5 -> Khai Anh | BV7: ='12 - T4'!$G$5 | BW7: ='12 - T4'!$I$5 | BX7: ='13 - T5'!$E$5 -> Khai Anh | BY7: ='13 - T5'!$G$5 | BZ7: ='13 - T5'!$I$5 | CA7: ='14 - T6'!$E$5 -> Khai Anh | CB7: ='14 - T6'!$G$5 | CC7: ='14 - T6'!$I$5 | CD7: ='15 - T7'!$E$5 | CE7: ='15 - T7'!$G$5 | CF7: ='15 - T7'!$I$5 | CG7: ='16 - CN'!$E$5 -> Khai Anh | CH7: ='16 - CN'!$G$5 | CI7: ='16 - CN'!$I$5 | CJ7: ='17 - T2'!$E$5 -> Khai Anh | CK7: ='17 - T2'!$G$5 | CL7: ='17 - T2'!$I$5 | CM7: ='18 - T3'!$E$5 -> Khai Anh | CN7: ='18 - T3'!$G$5 | CO7: ='18 - T3'!$I$5 | CP7: ='19 - T4'!$E$5 -> Khai Anh | CQ7: ='19 - T4'!$G$5 | CR7: ='19 - T4'!$I$5 | CS7: ='20 - T5'!$E$5 -> Khai Anh | CT7: ='20 - T5'!$G$5 | CU7: ='20 - T5'!$I$5 | CV7: ='21 - T6'!$E$5 -> Khai Anh | CW7: ='21 - T6'!$G$5 | CX7: ='21 - T6'!$I$5 | CY7: ='22 - T7'!$E$5 | CZ7: ='22 - T7'!$G$5 | DA7: ='22 - T7'!$I$5 | DB7: ='23 - CN'!$E$5 -> Thuận An | DC7: ='23 - CN'!$G$5 | DD7: ='23 - CN'!$I$5 | DE7: ='24 - T2'!$E$5 -> Khai Anh | DF7: ='24 - T2'!$G$5 | DG7: ='24 - T2'!$I$5 | DH7: ='25 - T3'!$E$5 -> Khai Anh | DI7: ='25 - T3'!$G$5 | DJ7: ='25 - T3'!$I$5 | DK7: ='26 - T4'!$E$5 -> Lúa Vàng | DL7: ='26 - T4'!$G$5 | DM7: ='26 - T4'!$I$5 | DN7: ='27 - T5'!$E$5 -> Hoàng Mạnh Thắng | DO7: ='27 - T5'!$G$5 -> Khai Anh | DP7: ='27 - T5'!$I$5 | DQ7: ='28 - T6'!$E$5 -> Thuận An | DR7: ='28 - T6'!$G$5 | DS7: ='28 - T6'!$I$5 | DT7: ='29 - T7'!$E$5 -> HDVL | DU7: ='29 - T7'!$G$5 | DV7: ='29 - T7'!$I$5 | DW7: ='30 - CN'!$E$5 | DX7: ='30 - CN'!$G$5 | DY7: ='30 - CN'!$I$5 | DZ7: ='31 - T2'!$E$5 | EA7: ='31 - T2'!$G$5 | EB7: ='31 - T2'!$I$5
A8: 4 | B8: 63E01117 | C8: =SUM(D8:S8) -> 17 | D8: =COUNTIF($AN8:$EB8,D$2) -> 8 | E8: =COUNTIF($AN8:$EB8,E$2) -> 0 | F8: =COUNTIF($AN8:$EB8,F$2) -> 0 | G8: =COUNTIF($AN8:$EB8,G$2) -> 0 | H8: =COUNTIF($AN8:$EB8,H$2) -> 0 | I8: =COUNTIF($AN8:$EB8,I$2) -> 0 | J8: =COUNTIF($AN8:$EB8,J$2) -> 0 | K8: =COUNTIF($AN8:$EB8,K$2) -> 0 | ... S8: =COUNTIF($AN8:$EB8,S$2) -> 1 | U8: =COUNTIF($AN8:$EB8,U$2) -> 0 | V8: =COUNTIF($AN8:$EB8,V$2) -> 0 | W8: =COUNTIF($AN8:$EB8,W$2) -> 0 | X8: =COUNTIF($AN8:$EB8,X$2) -> 14 | Z8: ='01 - T7'!$N$6+'02 - CN'!$N$6+'03 - T2'!$N$6+'04 - T3'!$N$6+'05 - T4'!$N$6+'06 - T5'!$N$6+'07 - T6'!$N$6+'08 - T7'!$N$6+'09 - CN'!$N$6+'10 - T2'!$N$6+'11 - T3'!$N$6+'12 - T4'!$N$6+'13 - T5'!$N$6+'14 - T6'!$N$6+'15 - T7'!$N$6+'16 - CN'!$N$6+'17 - T2'!$N$6+'18 - T3'!$N$6+'19 - T4'!$N$6+'20 - T5'!$N$6+'21 - T6'!$N$6+'22 - T7'!$N$6+'23 - CN'!$N$6+'24 - T2'!$N$6+'25 - T3'!$N$6+'26 - T4'!$N$6+'27 - T5'!$N$6+'28 - T6'!$N$6+'29 - T7'!$N$6+'30 - CN'!$N$6+'31 - T2'!$N$6 -> 14 | AA8: =IF(B8="","",Z8/31) -> 0.4516129 | AB8: =IF(B8="","",RANK(C8,$C$5:$C$30,0)) -> 24 | AN8: ='01 - T7'!$E$6 -> Hoàng Mạnh Thắng | AO8: ='01 - T7'!$G$6 | AP8: ='01 - T7'!$I$6 | AQ8: ='02 - CN'!$E$6 -> Hoàng Mạnh Thắng | AR8: ='02 - CN'!$G$6 -> Hoàng Mạnh Thắng | AS8: ='02 - CN'!$I$6 | AT8: ='03 - T2'!$E$6 -> Hoàng Mạnh Thắng | AU8: ='03 - T2'!$G$6 | AV8: ='03 - T2'!$I$6 | AW8: ='04 - T3'!$E$6 -> Hoàng Mạnh Thắng | AX8: ='04 - T3'!$G$6 -> Hoàng Mạnh Thắng | AY8: ='04 - T3'!$I$6 -> Khai Anh | AZ8: ='05 - T4'!$E$6 -> HDVL | BA8: ='05 - T4'!$G$6 | BB8: ='05 - T4'!$I$6 | BC8: ='06 - T5'!$E$6 -> Khai Anh | BD8: ='06 - T5'!$G$6 | BE8: ='06 - T5'!$I$6 | BF8: ='07 - T6'!$E$6 -> Hoàng Mạnh Thắng | BG8: ='07 - T6'!$G$6 | BH8: ='07 - T6'!$I$6 | BI8: ='08 - T7'!$E$6 -> Hoàng Mạnh Thắng | BJ8: ='08 - T7'!$G$6 | BK8: ='08 - T7'!$I$6 | BL8: ='09 - CN'!$E$6 -> Khai Anh | BM8: ='09 - CN'!$G$6 | BN8: ='09 - CN'!$I$6 | BO8: ='10 - T2'!$E$6 -> Khai Anh | BP8: ='10 - T2'!$G$6 | BQ8: ='10 - T2'!$I$6 | BR8: ='11 - T3'!$E$6 -> Khai Anh | BS8: ='11 - T3'!$G$6 | BT8: ='11 - T3'!$I$6 | BU8: ='12 - T4'!$E$6 | BV8: ='12 - T4'!$G$6 | BW8: ='12 - T4'!$I$6 | BX8: ='13 - T5'!$E$6 -> Khai Anh | BY8: ='13 - T5'!$G$6 | BZ8: ='13 - T5'!$I$6 | CA8: ='14 - T6'!$E$6 -> Khai Anh | CB8: ='14 - T6'!$G$6 | CC8: ='14 - T6'!$I$6 | CD8: ='15 - T7'!$E$6 -> Khai Anh | CE8: ='15 - T7'!$G$6 | CF8: ='15 - T7'!$I$6 | CG8: ='16 - CN'!$E$6 -> TÀI XẾ NGHỈ | CH8: ='16 - CN'!$G$6 | CI8: ='16 - CN'!$I$6 | CJ8: ='17 - T2'!$E$6 -> TÀI XẾ NGHỈ | CK8: ='17 - T2'!$G$6 | CL8: ='17 - T2'!$I$6 | CM8: ='18 - T3'!$E$6 -> TÀI XẾ NGHỈ | CN8: ='18 - T3'!$G$6 | CO8: ='18 - T3'!$I$6 | CP8: ='19 - T4'!$E$6 -> TÀI XẾ NGHỈ | CQ8: ='19 - T4'!$G$6 | CR8: ='19 - T4'!$I$6 | CS8: ='20 - T5'!$E$6 -> TÀI XẾ NGHỈ | CT8: ='20 - T5'!$G$6 | CU8: ='20 - T5'!$I$6 | CV8: ='21 - T6'!$E$6 -> TÀI XẾ NGHỈ | CW8: ='21 - T6'!$G$6 | CX8: ='21 - T6'!$I$6 | CY8: ='22 - T7'!$E$6 -> TÀI XẾ NGHỈ | CZ8: ='22 - T7'!$G$6 | DA8: ='22 - T7'!$I$6 | DB8: ='23 - CN'!$E$6 -> TÀI XẾ NGHỈ | DC8: ='23 - CN'!$G$6 | DD8: ='23 - CN'!$I$6 | DE8: ='24 - T2'!$E$6 -> TÀI XẾ NGHỈ | DF8: ='24 - T2'!$G$6 | DG8: ='24 - T2'!$I$6 | DH8: ='25 - T3'!$E$6 -> TÀI XẾ NGHỈ | DI8: ='25 - T3'!$G$6 | DJ8: ='25 - T3'!$I$6 | DK8: ='26 - T4'!$E$6 -> TÀI XẾ NGHỈ | DL8: ='26 - T4'!$G$6 | DM8: ='26 - T4'!$I$6 | DN8: ='27 - T5'!$E$6 -> TÀI XẾ NGHỈ | DO8: ='27 - T5'!$G$6 | DP8: ='27 - T5'!$I$6 | DQ8: ='28 - T6'!$E$6 -> TÀI XẾ NGHỈ | DR8: ='28 - T6'!$G$6 | DS8: ='28 - T6'!$I$6 | DT8: ='29 - T7'!$E$6 -> TÀI XẾ NGHỈ | DU8: ='29 - T7'!$G$6 | DV8: ='29 - T7'!$I$6 | DW8: ='30 - CN'!$E$6 | DX8: ='30 - CN'!$G$6 | DY8: ='30 - CN'!$I$6 | DZ8: ='31 - T2'!$E$6 | EA8: ='31 - T2'!$G$6 | EB8: ='31 - T2'!$I$6
A9: 5 | B9: 63E01108 | C9: =SUM(D9:S9) -> 30 | D9: =COUNTIF($AN9:$EB9,D$2) -> 13 | E9: =COUNTIF($AN9:$EB9,E$2) -> 0 | F9: =COUNTIF($AN9:$EB9,F$2) -> 0 | G9: =COUNTIF($AN9:$EB9,G$2) -> 0 | H9: =COUNTIF($AN9:$EB9,H$2) -> 0 | I9: =COUNTIF($AN9:$EB9,I$2) -> 0 | J9: =COUNTIF($AN9:$EB9,J$2) -> 7 | K9: =COUNTIF($AN9:$EB9,K$2) -> 0 | ... S9: =COUNTIF($AN9:$EB9,S$2) -> 0 | U9: =COUNTIF($AN9:$EB9,U$2) -> 0 | V9: =COUNTIF($AN9:$EB9,V$2) -> 0 | W9: =COUNTIF($AN9:$EB9,W$2) -> 0 | X9: =COUNTIF($AN9:$EB9,X$2) -> 3 | Z9: ='01 - T7'!$N$7+'02 - CN'!$N$7+'03 - T2'!$N$7+'04 - T3'!$N$7+'05 - T4'!$N$7+'06 - T5'!$N$7+'07 - T6'!$N$7+'08 - T7'!$N$7+'09 - CN'!$N$7+'10 - T2'!$N$7+'11 - T3'!$N$7+'12 - T4'!$N$7+'13 - T5'!$N$7+'14 - T6'!$N$7+'15 - T7'!$N$7+'16 - CN'!$N$7+'17 - T2'!$N$7+'18 - T3'!$N$7+'19 - T4'!$N$7+'20 - T5'!$N$7+'21 - T6'!$N$7+'22 - T7'!$N$7+'23 - CN'!$N$7+'24 - T2'!$N$7+'25 - T3'!$N$7+'26 - T4'!$N$7+'27 - T5'!$N$7+'28 - T6'!$N$7+'29 - T7'!$N$7+'30 - CN'!$N$7+'31 - T2'!$N$7 -> 23 | AA9: =IF(B9="","",Z9/31) -> 0.74193548 | AB9: =IF(B9="","",RANK(C9,$C$5:$C$30,0)) -> 3 | AN9: ='01 - T7'!$E$7 -> Hoàng Mạnh Thắng | AO9: ='01 - T7'!$G$7 | AP9: ='01 - T7'!$I$7 | AQ9: ='02 - CN'!$E$7 -> Hoàng Mạnh Thắng | AR9: ='02 - CN'!$G$7 -> Hoàng Mạnh Thắng | AS9: ='02 - CN'!$I$7 | AT9: ='03 - T2'!$E$7 -> Hoàng Mạnh Thắng | AU9: ='03 - T2'!$G$7 -> Thuận An | AV9: ='03 - T2'!$I$7 | AW9: ='04 - T3'!$E$7 -> Hoàng Mạnh Thắng | AX9: ='04 - T3'!$G$7 -> Thuận An | AY9: ='04 - T3'!$I$7 | AZ9: ='05 - T4'!$E$7 -> Hoàng Mạnh Thắng | BA9: ='05 - T4'!$G$7 | BB9: ='05 - T4'!$I$7 | BC9: ='06 - T5'!$E$7 -> Hoàng Mạnh Thắng | BD9: ='06 - T5'!$G$7 -> Thuận An | BE9: ='06 - T5'!$I$7 | BF9: ='07 - T6'!$E$7 -> Hoàng Mạnh Thắng | BG9: ='07 - T6'!$G$7 | BH9: ='07 - T6'!$I$7 | BI9: ='08 - T7'!$E$7 | BJ9: ='08 - T7'!$G$7 | BK9: ='08 - T7'!$I$7 | BL9: ='09 - CN'!$E$7 -> TÀI XẾ NGHỈ | BM9: ='09 - CN'!$G$7 | BN9: ='09 - CN'!$I$7 | BO9: ='10 - T2'!$E$7 -> TÀI XẾ NGHỈ | BP9: ='10 - T2'!$G$7 | BQ9: ='10 - T2'!$I$7 | BR9: ='11 - T3'!$E$7 -> TÀI XẾ NGHỈ | BS9: ='11 - T3'!$G$7 | BT9: ='11 - T3'!$I$7 | BU9: ='12 - T4'!$E$7 -> Khai Anh | BV9: ='12 - T4'!$G$7 | BW9: ='12 - T4'!$I$7 | BX9: ='13 - T5'!$E$7 -> Khai Anh | BY9: ='13 - T5'!$G$7 | BZ9: ='13 - T5'!$I$7 | CA9: ='14 - T6'!$E$7 -> Khai Anh | CB9: ='14 - T6'!$G$7 | CC9: ='14 - T6'!$I$7 | CD9: ='15 - T7'!$E$7 | CE9: ='15 - T7'!$G$7 | CF9: ='15 - T7'!$I$7 | CG9: ='16 - CN'!$E$7 -> Khai Anh | CH9: ='16 - CN'!$G$7 | CI9: ='16 - CN'!$I$7 | CJ9: ='17 - T2'!$E$7 -> Khai Anh | CK9: ='17 - T2'!$G$7 | CL9: ='17 - T2'!$I$7 | CM9: ='18 - T3'!$E$7 -> Khai Anh | CN9: ='18 - T3'!$G$7 -> Thuận An | CO9: ='18 - T3'!$I$7 | CP9: ='19 - T4'!$E$7 -> Khai Anh | CQ9: ='19 - T4'!$G$7 -> Thuận An | CR9: ='19 - T4'!$I$7 | CS9: ='20 - T5'!$E$7 -> Thuận An | CT9: ='20 - T5'!$G$7 | CU9: ='20 - T5'!$I$7 | CV9: ='21 - T6'!$E$7 -> Khai Anh | CW9: ='21 - T6'!$G$7 | CX9: ='21 - T6'!$I$7 | CY9: ='22 - T7'!$E$7 | CZ9: ='22 - T7'!$G$7 | DA9: ='22 - T7'!$I$7 | DB9: ='23 - CN'!$E$7 -> Khai Anh | DC9: ='23 - CN'!$G$7 | DD9: ='23 - CN'!$I$7 | DE9: ='24 - T2'!$E$7 -> Khai Anh | DF9: ='24 - T2'!$G$7 | DG9: ='24 - T2'!$I$7 | DH9: ='25 - T3'!$E$7 -> Khai Anh | DI9: ='25 - T3'!$G$7 | DJ9: ='25 - T3'!$I$7 | DK9: ='26 - T4'!$E$7 -> Khai Anh | DL9: ='26 - T4'!$G$7 | DM9: ='26 - T4'!$I$7 | DN9: ='27 - T5'!$E$7 -> Hoàng Mạnh Thắng | DO9: ='27 - T5'!$G$7 -> Khai Anh | DP9: ='27 - T5'!$I$7 | DQ9: ='28 - T6'!$E$7 -> Thuận An | DR9: ='28 - T6'!$G$7 | DS9: ='28 - T6'!$I$7 | DT9: ='29 - T7'!$E$7 -> LTP | DU9: ='29 - T7'!$G$7 | DV9: ='29 - T7'!$I$7 | DW9: ='30 - CN'!$E$7 | DX9: ='30 - CN'!$G$7 | DY9: ='30 - CN'!$I$7 | DZ9: ='31 - T2'!$E$7 | EA9: ='31 - T2'!$G$7 | EB9: ='31 - T2'!$I$7
A10: 6 | B10: 63F00528 | C10: =SUM(D10:S10) -> 17 | D10: =COUNTIF($AN10:$EB10,D$2) -> 11 | E10: =COUNTIF($AN10:$EB10,E$2) -> 1 | F10: =COUNTIF($AN10:$EB10,F$2) -> 2 | G10: =COUNTIF($AN10:$EB10,G$2) -> 0 | H10: =COUNTIF($AN10:$EB10,H$2) -> 0 | I10: =COUNTIF($AN10:$EB10,I$2) -> 0 | J10: =COUNTIF($AN10:$EB10,J$2) -> 0 | K10: =COUNTIF($AN10:$EB10,K$2) -> 0 | ... S10: =COUNTIF($AN10:$EB10,S$2) -> 1 | U10: =COUNTIF($AN10:$EB10,U$2) -> 1 | V10: =COUNTIF($AN10:$EB10,V$2) -> 1 | W10: =COUNTIF($AN10:$EB10,W$2) -> 2 | X10: =COUNTIF($AN10:$EB10,X$2) -> 5 | Z10: ='01 - T7'!$N$8+'02 - CN'!$N$8+'03 - T2'!$N$8+'04 - T3'!$N$8+'05 - T4'!$N$8+'06 - T5'!$N$8+'07 - T6'!$N$8+'08 - T7'!$N$8+'09 - CN'!$N$8+'10 - T2'!$N$8+'11 - T3'!$N$8+'12 - T4'!$N$8+'13 - T5'!$N$8+'14 - T6'!$N$8+'15 - T7'!$N$8+'16 - CN'!$N$8+'17 - T2'!$N$8+'18 - T3'!$N$8+'19 - T4'!$N$8+'20 - T5'!$N$8+'21 - T6'!$N$8+'22 - T7'!$N$8+'23 - CN'!$N$8+'24 - T2'!$N$8+'25 - T3'!$N$8+'26 - T4'!$N$8+'27 - T5'!$N$8+'28 - T6'!$N$8+'29 - T7'!$N$8+'30 - CN'!$N$8+'31 - T2'!$N$8 -> 17 | AA10: =IF(B10="","",Z10/31) -> 0.5483871 | AB10: =IF(B10="","",RANK(C10,$C$5:$C$30,0)) -> 24 | AN10: ='01 - T7'!$E$8 | AO10: ='01 - T7'!$G$8 | AP10: ='01 - T7'!$I$8 | AQ10: ='02 - CN'!$E$8 -> Khai Anh | AR10: ='02 - CN'!$G$8 | AS10: ='02 - CN'!$I$8 | AT10: ='03 - T2'!$E$8 -> Khai Anh | AU10: ='03 - T2'!$G$8 | AV10: ='03 - T2'!$I$8 | AW10: ='04 - T3'!$E$8 -> Khai Anh | AX10: ='04 - T3'!$G$8 | AY10: ='04 - T3'!$I$8 | AZ10: ='05 - T4'!$E$8 -> HDVL | BA10: ='05 - T4'!$G$8 | BB10: ='05 - T4'!$I$8 | BC10: ='06 - T5'!$E$8 -> TÀI XẾ NGHỈ | BD10: ='06 - T5'!$G$8 | BE10: ='06 - T5'!$I$8 | BF10: ='07 - T6'!$E$8 -> TÀI XẾ NGHỈ | BG10: ='07 - T6'!$G$8 | BH10: ='07 - T6'!$I$8 | BI10: ='08 - T7'!$E$8 -> TÀI XẾ NGHỈ | BJ10: ='08 - T7'!$G$8 | BK10: ='08 - T7'!$I$8 | BL10: ='09 - CN'!$E$8 -> TÀI XẾ NGHỈ | BM10: ='09 - CN'!$G$8 | BN10: ='09 - CN'!$I$8 | BO10: ='10 - T2'!$E$8 -> Khai Anh | BP10: ='10 - T2'!$G$8 | BQ10: ='10 - T2'!$I$8 | BR10: ='11 - T3'!$E$8 -> Khai Anh | BS10: ='11 - T3'!$G$8 | BT10: ='11 - T3'!$I$8 | BU10: ='12 - T4'!$E$8 -> CHUYỂN ĐIỂM | BV10: ='12 - T4'!$G$8 | BW10: ='12 - T4'!$I$8 | BX10: ='13 - T5'!$E$8 -> Emivest | BY10: ='13 - T5'!$G$8 | BZ10: ='13 - T5'!$I$8 | CA10: ='14 - T6'!$E$8 -> Emivest | CB10: ='14 - T6'!$G$8 | CC10: ='14 - T6'!$I$8 | CD10: ='15 - T7'!$E$8 | CE10: ='15 - T7'!$G$8 | CF10: ='15 - T7'!$I$8 | CG10: ='16 - CN'!$E$8 -> Khai Anh | CH10: ='16 - CN'!$G$8 | CI10: ='16 - CN'!$I$8 | CJ10: ='17 - T2'!$E$8 -> Khai Anh | CK10: ='17 - T2'!$G$8 | CL10: ='17 - T2'!$I$8 | CM10: ='18 - T3'!$E$8 -> Khai Anh | CN10: ='18 - T3'!$G$8 | CO10: ='18 - T3'!$I$8 | CP10: ='19 - T4'!$E$8 -> Khai Anh | CQ10: ='19 - T4'!$G$8 | CR10: ='19 - T4'!$I$8 | CS10: ='20 - T5'!$E$8 -> Khai Anh | CT10: ='20 - T5'!$G$8 | CU10: ='20 - T5'!$I$8 | CV10: ='21 - T6'!$E$8 -> RỚT NHÀ MÁY | CW10: ='21 - T6'!$G$8 | CX10: ='21 - T6'!$I$8 | CY10: ='22 - T7'!$E$8 -> Kim Bàng | CZ10: ='22 - T7'!$G$8 | DA10: ='22 - T7'!$I$8 | DB10: ='23 - CN'!$E$8 -> RỚT NHÀ MÁY | DC10: ='23 - CN'!$G$8 | DD10: ='23 - CN'!$I$8 | DE10: ='24 - T2'!$E$8 -> Vưu Đức Phát | DF10: ='24 - T2'!$G$8 | DG10: ='24 - T2'!$I$8 | DH10: ='25 - T3'!$E$8 -> TRỐNG LỊCH | DI10: ='25 - T3'!$G$8 | DJ10: ='25 - T3'!$I$8 | DK10: ='26 - T4'!$E$8 -> Khai Anh | DL10: ='26 - T4'!$G$8 | DM10: ='26 - T4'!$I$8 | DN10: ='27 - T5'!$E$8 | DO10: ='27 - T5'!$G$8 | DP10: ='27 - T5'!$I$8 | DQ10: ='28 - T6'!$E$8 -> Vưu Đức Phát | DR10: ='28 - T6'!$G$8 | DS10: ='28 - T6'!$I$8 | DT10: ='29 - T7'!$E$8 -> TÀI XẾ NGHỈ | DU10: ='29 - T7'!$G$8 | DV10: ='29 - T7'!$I$8 | DW10: ='30 - CN'!$E$8 | DX10: ='30 - CN'!$G$8 | DY10: ='30 - CN'!$I$8 | DZ10: ='31 - T2'!$E$8 | EA10: ='31 - T2'!$G$8 | EB10: ='31 - T2'!$I$8
A11: 7 | B11: 63G00262 | C11: =SUM(D11:S11) -> 20 | D11: =COUNTIF($AN11:$EB11,D$2) -> 11 | E11: =COUNTIF($AN11:$EB11,E$2) -> 0 | F11: =COUNTIF($AN11:$EB11,F$2) -> 0 | G11: =COUNTIF($AN11:$EB11,G$2) -> 0 | H11: =COUNTIF($AN11:$EB11,H$2) -> 0 | I11: =COUNTIF($AN11:$EB11,I$2) -> 0 | J11: =COUNTIF($AN11:$EB11,J$2) -> 4 | K11: =COUNTIF($AN11:$EB11,K$2) -> 0 | ... S11: =COUNTIF($AN11:$EB11,S$2) -> 1 | U11: =COUNTIF($AN11:$EB11,U$2) -> 2 | V11: =COUNTIF($AN11:$EB11,V$2) -> 0 | W11: =COUNTIF($AN11:$EB11,W$2) -> 0 | X11: =COUNTIF($AN11:$EB11,X$2) -> 5 | Z11: ='01 - T7'!$N$9+'02 - CN'!$N$9+'03 - T2'!$N$9+'04 - T3'!$N$9+'05 - T4'!$N$9+'06 - T5'!$N$9+'07 - T6'!$N$9+'08 - T7'!$N$9+'09 - CN'!$N$9+'10 - T2'!$N$9+'11 - T3'!$N$9+'12 - T4'!$N$9+'13 - T5'!$N$9+'14 - T6'!$N$9+'15 - T7'!$N$9+'16 - CN'!$N$9+'17 - T2'!$N$9+'18 - T3'!$N$9+'19 - T4'!$N$9+'20 - T5'!$N$9+'21 - T6'!$N$9+'22 - T7'!$N$9+'23 - CN'!$N$9+'24 - T2'!$N$9+'25 - T3'!$N$9+'26 - T4'!$N$9+'27 - T5'!$N$9+'28 - T6'!$N$9+'29 - T7'!$N$9+'30 - CN'!$N$9+'31 - T2'!$N$9 -> 18 | AA11: =IF(B11="","",Z11/31) -> 0.58064516 | AB11: =IF(B11="","",RANK(C11,$C$5:$C$30,0)) -> 21 | AN11: ='01 - T7'!$E$9 | AO11: ='01 - T7'!$G$9 | AP11: ='01 - T7'!$I$9 | AQ11: ='02 - CN'!$E$9 | AR11: ='02 - CN'!$G$9 | AS11: ='02 - CN'!$I$9 | AT11: ='03 - T2'!$E$9 -> TRỐNG LỊCH | AU11: ='03 - T2'!$G$9 | AV11: ='03 - T2'!$I$9 | AW11: ='04 - T3'!$E$9 -> TRỐNG LỊCH | AX11: ='04 - T3'!$G$9 | AY11: ='04 - T3'!$I$9 | AZ11: ='05 - T4'!$E$9 -> TÀI XẾ NGHỈ | BA11: ='05 - T4'!$G$9 | BB11: ='05 - T4'!$I$9 | BC11: ='06 - T5'!$E$9 -> HDVL | BD11: ='06 - T5'!$G$9 | BE11: ='06 - T5'!$I$9 | BF11: ='07 - T6'!$E$9 -> Hoàng Mạnh Thắng | BG11: ='07 - T6'!$G$9 | BH11: ='07 - T6'!$I$9 | BI11: ='08 - T7'!$E$9 | BJ11: ='08 - T7'!$G$9 | BK11: ='08 - T7'!$I$9 | BL11: ='09 - CN'!$E$9 -> TÀI XẾ NGHỈ | BM11: ='09 - CN'!$G$9 | BN11: ='09 - CN'!$I$9 | BO11: ='10 - T2'!$E$9 -> Hoàng Mạnh Thắng | BP11: ='10 - T2'!$G$9 -> Khai Anh | BQ11: ='10 - T2'!$I$9 | BR11: ='11 - T3'!$E$9 -> Thuận An | BS11: ='11 - T3'!$G$9 | BT11: ='11 - T3'!$I$9 | BU11: ='12 - T4'!$E$9 -> Khai Anh | BV11: ='12 - T4'!$G$9 | BW11: ='12 - T4'!$I$9 | BX11: ='13 - T5'!$E$9 -> Khai Anh | BY11: ='13 - T5'!$G$9 | BZ11: ='13 - T5'!$I$9 | CA11: ='14 - T6'!$E$9 -> Khai Anh | CB11: ='14 - T6'!$G$9 | CC11: ='14 - T6'!$I$9 | CD11: ='15 - T7'!$E$9 | CE11: ='15 - T7'!$G$9 | CF11: ='15 - T7'!$I$9 | CG11: ='16 - CN'!$E$9 -> Khai Anh | CH11: ='16 - CN'!$G$9 | CI11: ='16 - CN'!$I$9 | CJ11: ='17 - T2'!$E$9 -> Khai Anh | CK11: ='17 - T2'!$G$9 | CL11: ='17 - T2'!$I$9 | CM11: ='18 - T3'!$E$9 -> Khai Anh | CN11: ='18 - T3'!$G$9 | CO11: ='18 - T3'!$I$9 | CP11: ='19 - T4'!$E$9 -> RICO | CQ11: ='19 - T4'!$G$9 | CR11: ='19 - T4'!$I$9 | CS11: ='20 - T5'!$E$9 -> Khai Anh | CT11: ='20 - T5'!$G$9 | CU11: ='20 - T5'!$I$9 | CV11: ='21 - T6'!$E$9 -> Khai Anh | CW11: ='21 - T6'!$G$9 | CX11: ='21 - T6'!$I$9 | CY11: ='22 - T7'!$E$9 -> TÀI XẾ NGHỈ | CZ11: ='22 - T7'!$G$9 | DA11: ='22 - T7'!$I$9 | DB11: ='23 - CN'!$E$9 -> TÀI XẾ NGHỈ | DC11: ='23 - CN'!$G$9 | DD11: ='23 - CN'!$I$9 | DE11: ='24 - T2'!$E$9 -> Thuận An | DF11: ='24 - T2'!$G$9 | DG11: ='24 - T2'!$I$9 | DH11: ='25 - T3'!$E$9 -> Khai Anh | DI11: ='25 - T3'!$G$9 | DJ11: ='25 - T3'!$I$9 | DK11: ='26 - T4'!$E$9 -> Khai Anh | DL11: ='26 - T4'!$G$9 | DM11: ='26 - T4'!$I$9 | DN11: ='27 - T5'!$E$9 -> Hoàng Mạnh Thắng | DO11: ='27 - T5'!$G$9 -> Thuận An | DP11: ='27 - T5'!$I$9 | DQ11: ='28 - T6'!$E$9 -> Thuận An | DR11: ='28 - T6'!$G$9 | DS11: ='28 - T6'!$I$9 | DT11: ='29 - T7'!$E$9 -> TÀI XẾ NGHỈ | DU11: ='29 - T7'!$G$9 | DV11: ='29 - T7'!$I$9 | DW11: ='30 - CN'!$E$9 | DX11: ='30 - CN'!$G$9 | DY11: ='30 - CN'!$I$9 | DZ11: ='31 - T2'!$E$9 | EA11: ='31 - T2'!$G$9 | EB11: ='31 - T2'!$I$9
A12: 8 | B12: 63H04239 | C12: =SUM(D12:S12) -> 21 | D12: =COUNTIF($AN12:$EB12,D$2) -> 11 | E12: =COUNTIF($AN12:$EB12,E$2) -> 0 | F12: =COUNTIF($AN12:$EB12,F$2) -> 3 | G12: =COUNTIF($AN12:$EB12,G$2) -> 0 | H12: =COUNTIF($AN12:$EB12,H$2) -> 0 | I12: =COUNTIF($AN12:$EB12,I$2) -> 0 | J12: =COUNTIF($AN12:$EB12,J$2) -> 3 | K12: =COUNTIF($AN12:$EB12,K$2) -> 0 | ... S12: =COUNTIF($AN12:$EB12,S$2) -> 2 | U12: =COUNTIF($AN12:$EB12,U$2) -> 0 | V12: =COUNTIF($AN12:$EB12,V$2) -> 1 | W12: =COUNTIF($AN12:$EB12,W$2) -> 0 | X12: =COUNTIF($AN12:$EB12,X$2) -> 4 | Z12: ='01 - T7'!$N$10+'02 - CN'!$N$10+'03 - T2'!$N$10+'04 - T3'!$N$10+'05 - T4'!$N$10+'06 - T5'!$N$10+'07 - T6'!$N$10+'08 - T7'!$N$10+'09 - CN'!$N$10+'10 - T2'!$N$10+'11 - T3'!$N$10+'12 - T4'!$N$10+'13 - T5'!$N$10+'14 - T6'!$N$10+'15 - T7'!$N$10+'16 - CN'!$N$10+'17 - T2'!$N$10+'18 - T3'!$N$10+'19 - T4'!$N$10+'20 - T5'!$N$10+'21 - T6'!$N$10+'22 - T7'!$N$10+'23 - CN'!$N$10+'24 - T2'!$N$10+'25 - T3'!$N$10+'26 - T4'!$N$10+'27 - T5'!$N$10+'28 - T6'!$N$10+'29 - T7'!$N$10+'30 - CN'!$N$10+'31 - T2'!$N$10 -> 21 | AA12: =IF(B12="","",Z12/31) -> 0.67741935 | AB12: =IF(B12="","",RANK(C12,$C$5:$C$30,0)) -> 19 | AN12: ='01 - T7'!$E$10 -> TÀI XẾ NGHỈ | AO12: ='01 - T7'!$G$10 | AP12: ='01 - T7'!$I$10 | AQ12: ='02 - CN'!$E$10 -> TÀI XẾ NGHỈ | AR12: ='02 - CN'!$G$10 | AS12: ='02 - CN'!$I$10 | AT12: ='03 - T2'!$E$10 -> TÀI XẾ NGHỈ | AU12: ='03 - T2'!$G$10 | AV12: ='03 - T2'!$I$10 | AW12: ='04 - T3'!$E$10 -> TÀI XẾ NGHỈ | AX12: ='04 - T3'!$G$10 | AY12: ='04 - T3'!$I$10 | AZ12: ='05 - T4'!$E$10 | BA12: ='05 - T4'!$G$10 | BB12: ='05 - T4'!$I$10 | BC12: ='06 - T5'!$E$10 -> HDVL | BD12: ='06 - T5'!$G$10 | BE12: ='06 - T5'!$I$10 | BF12: ='07 - T6'!$E$10 -> Khai Anh | BG12: ='07 - T6'!$G$10 | BH12: ='07 - T6'!$I$10 | BI12: ='08 - T7'!$E$10 -> HDVL | BJ12: ='08 - T7'!$G$10 | BK12: ='08 - T7'!$I$10 | BL12: ='09 - CN'!$E$10 -> Khai Anh | BM12: ='09 - CN'!$G$10 | BN12: ='09 - CN'!$I$10 | BO12: ='10 - T2'!$E$10 -> Khai Anh | BP12: ='10 - T2'!$G$10 | BQ12: ='10 - T2'!$I$10 | BR12: ='11 - T3'!$E$10 -> Khai Anh | BS12: ='11 - T3'!$G$10 | BT12: ='11 - T3'!$I$10 | BU12: ='12 - T4'!$E$10 -> Thuận An | BV12: ='12 - T4'!$G$10 | BW12: ='12 - T4'!$I$10 | BX12: ='13 - T5'!$E$10 -> Emivest | BY12: ='13 - T5'!$G$10 | BZ12: ='13 - T5'!$I$10 | CA12: ='14 - T6'!$E$10 -> Emivest | CB12: ='14 - T6'!$G$10 | CC12: ='14 - T6'!$I$10 | CD12: ='15 - T7'!$E$10 | CE12: ='15 - T7'!$G$10 | CF12: ='15 - T7'!$I$10 | CG12: ='16 - CN'!$E$10 -> Thuận An | CH12: ='16 - CN'!$G$10 | CI12: ='16 - CN'!$I$10 | CJ12: ='17 - T2'!$E$10 -> Khai Anh | CK12: ='17 - T2'!$G$10 | CL12: ='17 - T2'!$I$10 | CM12: ='18 - T3'!$E$10 -> Khai Anh | CN12: ='18 - T3'!$G$10 | CO12: ='18 - T3'!$I$10 | CP12: ='19 - T4'!$E$10 -> Khai Anh | CQ12: ='19 - T4'!$G$10 | CR12: ='19 - T4'!$I$10 | CS12: ='20 - T5'!$E$10 -> Khai Anh | CT12: ='20 - T5'!$G$10 | CU12: ='20 - T5'!$I$10 | CV12: ='21 - T6'!$E$10 -> Khai Anh | CW12: ='21 - T6'!$G$10 | CX12: ='21 - T6'!$I$10 | CY12: ='22 - T7'!$E$10 | CZ12: ='22 - T7'!$G$10 | DA12: ='22 - T7'!$I$10 | DB12: ='23 - CN'!$E$10 -> Khai Anh | DC12: ='23 - CN'!$G$10 | DD12: ='23 - CN'!$I$10 | DE12: ='24 - T2'!$E$10 -> Vưu Đức Phát | DF12: ='24 - T2'!$G$10 | DG12: ='24 - T2'!$I$10 | DH12: ='25 - T3'!$E$10 -> Vưu Đức Phát | DI12: ='25 - T3'!$G$10 | DJ12: ='25 - T3'!$I$10 | DK12: ='26 - T4'!$E$10 -> Khai Anh | DL12: ='26 - T4'!$G$10 | DM12: ='26 - T4'!$I$10 | DN12: ='27 - T5'!$E$10 -> CHUYỂN ĐIỂM | DO12: ='27 - T5'!$G$10 | DP12: ='27 - T5'!$I$10 | DQ12: ='28 - T6'!$E$10 -> Vưu Đức Phát | DR12: ='28 - T6'!$G$10 | DS12: ='28 - T6'!$I$10 | DT12: ='29 - T7'!$E$10 -> Thuận An | DU12: ='29 - T7'!$G$10 | DV12: ='29 - T7'!$I$10 | DW12: ='30 - CN'!$E$10 | DX12: ='30 - CN'!$G$10 | DY12: ='30 - CN'!$I$10 | DZ12: ='31 - T2'!$E$10 | EA12: ='31 - T2'!$G$10 | EB12: ='31 - T2'!$I$10
A13: 9 | B13: 63E01276 | C13: =SUM(D13:S13) -> 30 | D13: =COUNTIF($AN13:$EB13,D$2) -> 16 | E13: =COUNTIF($AN13:$EB13,E$2) -> 1 | F13: =COUNTIF($AN13:$EB13,F$2) -> 1 | G13: =COUNTIF($AN13:$EB13,G$2) -> 0 | H13: =COUNTIF($AN13:$EB13,H$2) -> 0 | I13: =COUNTIF($AN13:$EB13,I$2) -> 0 | J13: =COUNTIF($AN13:$EB13,J$2) -> 3 | K13: =COUNTIF($AN13:$EB13,K$2) -> 0 | ... S13: =COUNTIF($AN13:$EB13,S$2) -> 3 | U13: =COUNTIF($AN13:$EB13,U$2) -> 0 | V13: =COUNTIF($AN13:$EB13,V$2) -> 1 | W13: =COUNTIF($AN13:$EB13,W$2) -> 0 | X13: =COUNTIF($AN13:$EB13,X$2) -> 0 | Z13: ='01 - T7'!$N$11+'02 - CN'!$N$11+'03 - T2'!$N$11+'04 - T3'!$N$11+'05 - T4'!$N$11+'06 - T5'!$N$11+'07 - T6'!$N$11+'08 - T7'!$N$11+'09 - CN'!$N$11+'10 - T2'!$N$11+'11 - T3'!$N$11+'12 - T4'!$N$11+'13 - T5'!$N$11+'14 - T6'!$N$11+'15 - T7'!$N$11+'16 - CN'!$N$11+'17 - T2'!$N$11+'18 - T3'!$N$11+'19 - T4'!$N$11+'20 - T5'!$N$11+'21 - T6'!$N$11+'22 - T7'!$N$11+'23 - CN'!$N$11+'24 - T2'!$N$11+'25 - T3'!$N$11+'26 - T4'!$N$11+'27 - T5'!$N$11+'28 - T6'!$N$11+'29 - T7'!$N$11+'30 - CN'!$N$11+'31 - T2'!$N$11 -> 26 | AA13: =IF(B13="","",Z13/31) -> 0.83870968 | AB13: =IF(B13="","",RANK(C13,$C$5:$C$30,0)) -> 3 | AN13: ='01 - T7'!$E$11 -> Hoàng Mạnh Thắng | AO13: ='01 - T7'!$G$11 | AP13: ='01 - T7'!$I$11 | AQ13: ='02 - CN'!$E$11 -> Hoàng Mạnh Thắng | AR13: ='02 - CN'!$G$11 -> Khai Anh | AS13: ='02 - CN'!$I$11 | AT13: ='03 - T2'!$E$11 -> Khai Anh | AU13: ='03 - T2'!$G$11 | AV13: ='03 - T2'!$I$11 | AW13: ='04 - T3'!$E$11 -> Thuận An | AX13: ='04 - T3'!$G$11 | AY13: ='04 - T3'!$I$11 | AZ13: ='05 - T4'!$E$11 -> HDVL | BA13: ='05 - T4'!$G$11 -> HDVL | BB13: ='05 - T4'!$I$11 | BC13: ='06 - T5'!$E$11 -> Khai Anh | BD13: ='06 - T5'!$G$11 | BE13: ='06 - T5'!$I$11 | BF13: ='07 - T6'!$E$11 -> Hoàng Mạnh Thắng | BG13: ='07 - T6'!$G$11 | BH13: ='07 - T6'!$I$11 | BI13: ='08 - T7'!$E$11 -> Hoàng Mạnh Thắng | BJ13: ='08 - T7'!$G$11 -> HDVL | BK13: ='08 - T7'!$I$11 | BL13: ='09 - CN'!$E$11 -> Khai Anh | BM13: ='09 - CN'!$G$11 | BN13: ='09 - CN'!$I$11 | BO13: ='10 - T2'!$E$11 -> Khai Anh | BP13: ='10 - T2'!$G$11 | BQ13: ='10 - T2'!$I$11 | BR13: ='11 - T3'!$E$11 -> Khai Anh | BS13: ='11 - T3'!$G$11 | BT13: ='11 - T3'!$I$11 | BU13: ='12 - T4'!$E$11 -> Khai Anh | BV13: ='12 - T4'!$G$11 | BW13: ='12 - T4'!$I$11 | BX13: ='13 - T5'!$E$11 -> Emivest | BY13: ='13 - T5'!$G$11 | BZ13: ='13 - T5'!$I$11 | CA13: ='14 - T6'!$E$11 -> Emivest | CB13: ='14 - T6'!$G$11 -> Kim Bàng | CC13: ='14 - T6'!$I$11 | CD13: ='15 - T7'!$E$11 | CE13: ='15 - T7'!$G$11 | CF13: ='15 - T7'!$I$11 | CG13: ='16 - CN'!$E$11 -> Khai Anh | CH13: ='16 - CN'!$G$11 | CI13: ='16 - CN'!$I$11 | CJ13: ='17 - T2'!$E$11 -> Khai Anh | CK13: ='17 - T2'!$G$11 | CL13: ='17 - T2'!$I$11 | CM13: ='18 - T3'!$E$11 -> Thuận An | CN13: ='18 - T3'!$G$11 | CO13: ='18 - T3'!$I$11 | CP13: ='19 - T4'!$E$11 -> Khai Anh | CQ13: ='19 - T4'!$G$11 | CR13: ='19 - T4'!$I$11 | CS13: ='20 - T5'!$E$11 -> Khai Anh | CT13: ='20 - T5'!$G$11 | CU13: ='20 - T5'!$I$11 | CV13: ='21 - T6'!$E$11 -> Khai Anh | CW13: ='21 - T6'!$G$11 | CX13: ='21 - T6'!$I$11 | CY13: ='22 - T7'!$E$11 | CZ13: ='22 - T7'!$G$11 | DA13: ='22 - T7'!$I$11 | DB13: ='23 - CN'!$E$11 -> Khai Anh | DC13: ='23 - CN'!$G$11 | DD13: ='23 - CN'!$I$11 | DE13: ='24 - T2'!$E$11 -> Khai Anh | DF13: ='24 - T2'!$G$11 | DG13: ='24 - T2'!$I$11 | DH13: ='25 - T3'!$E$11 -> CHUYỂN ĐIỂM | DI13: ='25 - T3'!$G$11 | DJ13: ='25 - T3'!$I$11 | DK13: ='26 - T4'!$E$11 -> Khai Anh | DL13: ='26 - T4'!$G$11 | DM13: ='26 - T4'!$I$11 | DN13: ='27 - T5'!$E$11 -> Thuận An | DO13: ='27 - T5'!$G$11 | DP13: ='27 - T5'!$I$11 | DQ13: ='28 - T6'!$E$11 -> Vưu Đức Phát | DR13: ='28 - T6'!$G$11 | DS13: ='28 - T6'!$I$11 | DT13: ='29 - T7'!$E$11 -> Khai Anh | DU13: ='29 - T7'!$G$11 | DV13: ='29 - T7'!$I$11 | DW13: ='30 - CN'!$E$11 | DX13: ='30 - CN'!$G$11 | DY13: ='30 - CN'!$I$11 | DZ13: ='31 - T2'!$E$11 | EA13: ='31 - T2'!$G$11 | EB13: ='31 - T2'!$I$11
A14: 10 | B14: 63E01103 | C14: =SUM(D14:S14) -> 27 | D14: =COUNTIF($AN14:$EB14,D$2) -> 14 | E14: =COUNTIF($AN14:$EB14,E$2) -> 1 | F14: =COUNTIF($AN14:$EB14,F$2) -> 0 | G14: =COUNTIF($AN14:$EB14,G$2) -> 0 | H14: =COUNTIF($AN14:$EB14,H$2) -> 0 | I14: =COUNTIF($AN14:$EB14,I$2) -> 0 | J14: =COUNTIF($AN14:$EB14,J$2) -> 1 | K14: =COUNTIF($AN14:$EB14,K$2) -> 0 | ... S14: =COUNTIF($AN14:$EB14,S$2) -> 3 | U14: =COUNTIF($AN14:$EB14,U$2) -> 0 | V14: =COUNTIF($AN14:$EB14,V$2) -> 2 | W14: =COUNTIF($AN14:$EB14,W$2) -> 0 | X14: =COUNTIF($AN14:$EB14,X$2) -> 2 | Z14: ='01 - T7'!$N$12+'02 - CN'!$N$12+'03 - T2'!$N$12+'04 - T3'!$N$12+'05 - T4'!$N$12+'06 - T5'!$N$12+'07 - T6'!$N$12+'08 - T7'!$N$12+'09 - CN'!$N$12+'10 - T2'!$N$12+'11 - T3'!$N$12+'12 - T4'!$N$12+'13 - T5'!$N$12+'14 - T6'!$N$12+'15 - T7'!$N$12+'16 - CN'!$N$12+'17 - T2'!$N$12+'18 - T3'!$N$12+'19 - T4'!$N$12+'20 - T5'!$N$12+'21 - T6'!$N$12+'22 - T7'!$N$12+'23 - CN'!$N$12+'24 - T2'!$N$12+'25 - T3'!$N$12+'26 - T4'!$N$12+'27 - T5'!$N$12+'28 - T6'!$N$12+'29 - T7'!$N$12+'30 - CN'!$N$12+'31 - T2'!$N$12 -> 23 | AA14: =IF(B14="","",Z14/31) -> 0.74193548 | AB14: =IF(B14="","",RANK(C14,$C$5:$C$30,0)) -> 9 | AN14: ='01 - T7'!$E$12 -> Hoàng Mạnh Thắng | AO14: ='01 - T7'!$G$12 | AP14: ='01 - T7'!$I$12 | AQ14: ='02 - CN'!$E$12 -> Hoàng Mạnh Thắng | AR14: ='02 - CN'!$G$12 -> Hoàng Mạnh Thắng | AS14: ='02 - CN'!$I$12 | AT14: ='03 - T2'!$E$12 -> Thuận An | AU14: ='03 - T2'!$G$12 -> Khai Anh | AV14: ='03 - T2'!$I$12 | AW14: ='04 - T3'!$E$12 | AX14: ='04 - T3'!$G$12 | AY14: ='04 - T3'!$I$12 | AZ14: ='05 - T4'!$E$12 -> Khai Anh | BA14: ='05 - T4'!$G$12 | BB14: ='05 - T4'!$I$12 | BC14: ='06 - T5'!$E$12 -> Khai Anh | BD14: ='06 - T5'!$G$12 | BE14: ='06 - T5'!$I$12 | BF14: ='07 - T6'!$E$12 -> HDVL | BG14: ='07 - T6'!$G$12 | BH14: ='07 - T6'!$I$12 | BI14: ='08 - T7'!$E$12 -> HDVL | BJ14: ='08 - T7'!$G$12 | BK14: ='08 - T7'!$I$12 | BL14: ='09 - CN'!$E$12 -> Emivest | BM14: ='09 - CN'!$G$12 | BN14: ='09 - CN'!$I$12 | BO14: ='10 - T2'!$E$12 -> Emivest | BP14: ='10 - T2'!$G$12 -> Emivest | BQ14: ='10 - T2'!$I$12 | BR14: ='11 - T3'!$E$12 -> Emivest | BS14: ='11 - T3'!$G$12 | BT14: ='11 - T3'!$I$12 | BU14: ='12 - T4'!$E$12 -> Khai Anh | BV14: ='12 - T4'!$G$12 | BW14: ='12 - T4'!$I$12 | BX14: ='13 - T5'!$E$12 -> Emivest | BY14: ='13 - T5'!$G$12 | BZ14: ='13 - T5'!$I$12 | CA14: ='14 - T6'!$E$12 -> Khai Anh | CB14: ='14 - T6'!$G$12 -> Kim Bàng | CC14: ='14 - T6'!$I$12 | CD14: ='15 - T7'!$E$12 | CE14: ='15 - T7'!$G$12 | CF14: ='15 - T7'!$I$12 | CG14: ='16 - CN'!$E$12 -> TÀI XẾ NGHỈ | CH14: ='16 - CN'!$G$12 | CI14: ='16 - CN'!$I$12 | CJ14: ='17 - T2'!$E$12 -> Khai Anh | CK14: ='17 - T2'!$G$12 | CL14: ='17 - T2'!$I$12 | CM14: ='18 - T3'!$E$12 -> CHUYỂN ĐIỂM | CN14: ='18 - T3'!$G$12 | CO14: ='18 - T3'!$I$12 | CP14: ='19 - T4'!$E$12 -> CHUYỂN ĐIỂM | CQ14: ='19 - T4'!$G$12 | CR14: ='19 - T4'!$I$12 | CS14: ='20 - T5'!$E$12 -> Khai Anh | CT14: ='20 - T5'!$G$12 | CU14: ='20 - T5'!$I$12 | CV14: ='21 - T6'!$E$12 -> Khai Anh | CW14: ='21 - T6'!$G$12 | CX14: ='21 - T6'!$I$12 | CY14: ='22 - T7'!$E$12 -> HDVL | CZ14: ='22 - T7'!$G$12 | DA14: ='22 - T7'!$I$12 | DB14: ='23 - CN'!$E$12 -> Khai Anh | DC14: ='23 - CN'!$G$12 | DD14: ='23 - CN'!$I$12 | DE14: ='24 - T2'!$E$12 -> Khai Anh | DF14: ='24 - T2'!$G$12 | DG14: ='24 - T2'!$I$12 | DH14: ='25 - T3'!$E$12 -> Khai Anh | DI14: ='25 - T3'!$G$12 | DJ14: ='25 - T3'!$I$12 | DK14: ='26 - T4'!$E$12 -> Khai Anh | DL14: ='26 - T4'!$G$12 | DM14: ='26 - T4'!$I$12 | DN14: ='27 - T5'!$E$12 -> Khai Anh | DO14: ='27 - T5'!$G$12 | DP14: ='27 - T5'!$I$12 | DQ14: ='28 - T6'!$E$12 -> Khai Anh | DR14: ='28 - T6'!$G$12 | DS14: ='28 - T6'!$I$12 | DT14: ='29 - T7'!$E$12 -> TÀI XẾ NGHỈ | DU14: ='29 - T7'!$G$12 | DV14: ='29 - T7'!$I$12 | DW14: ='30 - CN'!$E$12 | DX14: ='30 - CN'!$G$12 | DY14: ='30 - CN'!$I$12 | DZ14: ='31 - T2'!$E$12 | EA14: ='31 - T2'!$G$12 | EB14: ='31 - T2'!$I$12
A15: 11 | B15: 63E01118 | C15: =SUM(D15:S15) -> 28 | D15: =COUNTIF($AN15:$EB15,D$2) -> 15 | E15: =COUNTIF($AN15:$EB15,E$2) -> 0 | F15: =COUNTIF($AN15:$EB15,F$2) -> 1 | G15: =COUNTIF($AN15:$EB15,G$2) -> 0 | H15: =COUNTIF($AN15:$EB15,H$2) -> 0 | I15: =COUNTIF($AN15:$EB15,I$2) -> 0 | J15: =COUNTIF($AN15:$EB15,J$2) -> 3 | K15: =COUNTIF($AN15:$EB15,K$2) -> 0 | ... S15: =COUNTIF($AN15:$EB15,S$2) -> 4 | U15: =COUNTIF($AN15:$EB15,U$2) -> 0 | V15: =COUNTIF($AN15:$EB15,V$2) -> 0 | W15: =COUNTIF($AN15:$EB15,W$2) -> 0 | X15: =COUNTIF($AN15:$EB15,X$2) -> 0 | Z15: ='01 - T7'!$N$13+'02 - CN'!$N$13+'03 - T2'!$N$13+'04 - T3'!$N$13+'05 - T4'!$N$13+'06 - T5'!$N$13+'07 - T6'!$N$13+'08 - T7'!$N$13+'09 - CN'!$N$13+'10 - T2'!$N$13+'11 - T3'!$N$13+'12 - T4'!$N$13+'13 - T5'!$N$13+'14 - T6'!$N$13+'15 - T7'!$N$13+'16 - CN'!$N$13+'17 - T2'!$N$13+'18 - T3'!$N$13+'19 - T4'!$N$13+'20 - T5'!$N$13+'21 - T6'!$N$13+'22 - T7'!$N$13+'23 - CN'!$N$13+'24 - T2'!$N$13+'25 - T3'!$N$13+'26 - T4'!$N$13+'27 - T5'!$N$13+'28 - T6'!$N$13+'29 - T7'!$N$13+'30 - CN'!$N$13+'31 - T2'!$N$13 -> 26 | AA15: =IF(B15="","",Z15/31) -> 0.83870968 | AB15: =IF(B15="","",RANK(C15,$C$5:$C$30,0)) -> 8 | AN15: ='01 - T7'!$E$13 -> Hoàng Mạnh Thắng | AO15: ='01 - T7'!$G$13 -> HDVL | AP15: ='01 - T7'!$I$13 | AQ15: ='02 - CN'!$E$13 -> Khai Anh | AR15: ='02 - CN'!$G$13 | AS15: ='02 - CN'!$I$13 | AT15: ='03 - T2'!$E$13 -> Hoàng Mạnh Thắng | AU15: ='03 - T2'!$G$13 | AV15: ='03 - T2'!$I$13 | AW15: ='04 - T3'!$E$13 -> Hoàng Mạnh Thắng | AX15: ='04 - T3'!$G$13 -> Khai Anh | AY15: ='04 - T3'!$I$13 | AZ15: ='05 - T4'!$E$13 -> Thuận An | BA15: ='05 - T4'!$G$13 | BB15: ='05 - T4'!$I$13 | BC15: ='06 - T5'!$E$13 -> Khai Anh | BD15: ='06 - T5'!$G$13 | BE15: ='06 - T5'!$I$13 | BF15: ='07 - T6'!$E$13 -> HDVL | BG15: ='07 - T6'!$G$13 | BH15: ='07 - T6'!$I$13 | BI15: ='08 - T7'!$E$13 -> HDVL | BJ15: ='08 - T7'!$G$13 | BK15: ='08 - T7'!$I$13 | BL15: ='09 - CN'!$E$13 | BM15: ='09 - CN'!$G$13 | BN15: ='09 - CN'!$I$13 | BO15: ='10 - T2'!$E$13 -> Khai Anh | BP15: ='10 - T2'!$G$13 | BQ15: ='10 - T2'!$I$13 | BR15: ='11 - T3'!$E$13 -> Thuận An | BS15: ='11 - T3'!$G$13 | BT15: ='11 - T3'!$I$13 | BU15: ='12 - T4'!$E$13 -> Thuận An | BV15: ='12 - T4'!$G$13 | BW15: ='12 - T4'!$I$13 | BX15: ='13 - T5'!$E$13 -> Emivest | BY15: ='13 - T5'!$G$13 | BZ15: ='13 - T5'!$I$13 | CA15: ='14 - T6'!$E$13 -> Emivest | CB15: ='14 - T6'!$G$13 | CC15: ='14 - T6'!$I$13 | CD15: ='15 - T7'!$E$13 | CE15: ='15 - T7'!$G$13 | CF15: ='15 - T7'!$I$13 | CG15: ='16 - CN'!$E$13 -> Khai Anh | CH15: ='16 - CN'!$G$13 | CI15: ='16 - CN'!$I$13 | CJ15: ='17 - T2'!$E$13 -> Khai Anh | CK15: ='17 - T2'!$G$13 | CL15: ='17 - T2'!$I$13 | CM15: ='18 - T3'!$E$13 -> Khai Anh | CN15: ='18 - T3'!$G$13 | CO15: ='18 - T3'!$I$13 | CP15: ='19 - T4'!$E$13 -> Khai Anh | CQ15: ='19 - T4'!$G$13 | CR15: ='19 - T4'!$I$13 | CS15: ='20 - T5'!$E$13 -> Khai Anh | CT15: ='20 - T5'!$G$13 | CU15: ='20 - T5'!$I$13 | CV15: ='21 - T6'!$E$13 -> Khai Anh | CW15: ='21 - T6'!$G$13 | CX15: ='21 - T6'!$I$13 | CY15: ='22 - T7'!$E$13 | CZ15: ='22 - T7'!$G$13 | DA15: ='22 - T7'!$I$13 | DB15: ='23 - CN'!$E$13 -> Khai Anh | DC15: ='23 - CN'!$G$13 | DD15: ='23 - CN'!$I$13 | DE15: ='24 - T2'!$E$13 -> Khai Anh | DF15: ='24 - T2'!$G$13 | DG15: ='24 - T2'!$I$13 | DH15: ='25 - T3'!$E$13 -> Khai Anh | DI15: ='25 - T3'!$G$13 | DJ15: ='25 - T3'!$I$13 | DK15: ='26 - T4'!$E$13 -> Khai Anh | DL15: ='26 - T4'!$G$13 | DM15: ='26 - T4'!$I$13 | DN15: ='27 - T5'!$E$13 -> Khai Anh | DO15: ='27 - T5'!$G$13 | DP15: ='27 - T5'!$I$13 | DQ15: ='28 - T6'!$E$13 -> Vưu Đức Phát | DR15: ='28 - T6'!$G$13 | DS15: ='28 - T6'!$I$13 | DT15: ='29 - T7'!$E$13 -> HDVL | DU15: ='29 - T7'!$G$13 | DV15: ='29 - T7'!$I$13 | DW15: ='30 - CN'!$E$13 | DX15: ='30 - CN'!$G$13 | DY15: ='30 - CN'!$I$13 | DZ15: ='31 - T2'!$E$13 | EA15: ='31 - T2'!$G$13 | EB15: ='31 - T2'!$I$13
A16: 12 | B16: 63F00511 | C16: =SUM(D16:S16) -> 30 | D16: =COUNTIF($AN16:$EB16,D$2) -> 13 | E16: =COUNTIF($AN16:$EB16,E$2) -> 0 | F16: =COUNTIF($AN16:$EB16,F$2) -> 0 | G16: =COUNTIF($AN16:$EB16,G$2) -> 0 | H16: =COUNTIF($AN16:$EB16,H$2) -> 2 | I16: =COUNTIF($AN16:$EB16,I$2) -> 0 | J16: =COUNTIF($AN16:$EB16,J$2) -> 4 | K16: =COUNTIF($AN16:$EB16,K$2) -> 0 | ... S16: =COUNTIF($AN16:$EB16,S$2) -> 1 | U16: =COUNTIF($AN16:$EB16,U$2) -> 0 | V16: =COUNTIF($AN16:$EB16,V$2) -> 0 | W16: =COUNTIF($AN16:$EB16,W$2) -> 0 | X16: =COUNTIF($AN16:$EB16,X$2) -> 2 | Z16: ='01 - T7'!$N$14+'02 - CN'!$N$14+'03 - T2'!$N$14+'04 - T3'!$N$14+'05 - T4'!$N$14+'06 - T5'!$N$14+'07 - T6'!$N$14+'08 - T7'!$N$14+'09 - CN'!$N$14+'10 - T2'!$N$14+'11 - T3'!$N$14+'12 - T4'!$N$14+'13 - T5'!$N$14+'14 - T6'!$N$14+'15 - T7'!$N$14+'16 - CN'!$N$14+'17 - T2'!$N$14+'18 - T3'!$N$14+'19 - T4'!$N$14+'20 - T5'!$N$14+'21 - T6'!$N$14+'22 - T7'!$N$14+'23 - CN'!$N$14+'24 - T2'!$N$14+'25 - T3'!$N$14+'26 - T4'!$N$14+'27 - T5'!$N$14+'28 - T6'!$N$14+'29 - T7'!$N$14+'30 - CN'!$N$14+'31 - T2'!$N$14 -> 26 | AA16: =IF(B16="","",Z16/31) -> 0.83870968 | AB16: =IF(B16="","",RANK(C16,$C$5:$C$30,0)) -> 3 | AN16: ='01 - T7'!$E$14 -> Hoàng Mạnh Thắng | AO16: ='01 - T7'!$G$14 | AP16: ='01 - T7'!$I$14 | AQ16: ='02 - CN'!$E$14 -> Hoàng Mạnh Thắng | AR16: ='02 - CN'!$G$14 -> Khai Anh | AS16: ='02 - CN'!$I$14 | AT16: ='03 - T2'!$E$14 -> Hoàng Mạnh Thắng | AU16: ='03 - T2'!$G$14 | AV16: ='03 - T2'!$I$14 | AW16: ='04 - T3'!$E$14 -> Hoàng Mạnh Thắng | AX16: ='04 - T3'!$G$14 -> Khai Anh | AY16: ='04 - T3'!$I$14 | AZ16: ='05 - T4'!$E$14 -> Khai Anh | BA16: ='05 - T4'!$G$14 | BB16: ='05 - T4'!$I$14 | BC16: ='06 - T5'!$E$14 -> HDVL | BD16: ='06 - T5'!$G$14 | BE16: ='06 - T5'!$I$14 | BF16: ='07 - T6'!$E$14 -> Hoàng Mạnh Thắng | BG16: ='07 - T6'!$G$14 | BH16: ='07 - T6'!$I$14 | BI16: ='08 - T7'!$E$14 -> Hoàng Mạnh Thắng | BJ16: ='08 - T7'!$G$14 | BK16: ='08 - T7'!$I$14 | BL16: ='09 - CN'!$E$14 -> Hoàng Mạnh Thắng | BM16: ='09 - CN'!$G$14 | BN16: ='09 - CN'!$I$14 | BO16: ='10 - T2'!$E$14 -> Hoàng Mạnh Thắng | BP16: ='10 - T2'!$G$14 -> Thuận An | BQ16: ='10 - T2'!$I$14 | BR16: ='11 - T3'!$E$14 -> Khai Anh | BS16: ='11 - T3'!$G$14 | BT16: ='11 - T3'!$I$14 | BU16: ='12 - T4'!$E$14 -> Thuận An | BV16: ='12 - T4'!$G$14 | BW16: ='12 - T4'!$I$14 | BX16: ='13 - T5'!$E$14 -> Khai Anh | BY16: ='13 - T5'!$G$14 | BZ16: ='13 - T5'!$I$14 | CA16: ='14 - T6'!$E$14 -> Khai Anh | CB16: ='14 - T6'!$G$14 | CC16: ='14 - T6'!$I$14 | CD16: ='15 - T7'!$E$14 | CE16: ='15 - T7'!$G$14 | CF16: ='15 - T7'!$I$14 | CG16: ='16 - CN'!$E$14 -> Khai Anh | CH16: ='16 - CN'!$G$14 | CI16: ='16 - CN'!$I$14 | CJ16: ='17 - T2'!$E$14 -> Khai Anh | CK16: ='17 - T2'!$G$14 | CL16: ='17 - T2'!$I$14 | CM16: ='18 - T3'!$E$14 -> Khai Anh | CN16: ='18 - T3'!$G$14 | CO16: ='18 - T3'!$I$14 | CP16: ='19 - T4'!$E$14 -> Lúa Vàng | CQ16: ='19 - T4'!$G$14 | CR16: ='19 - T4'!$I$14 | CS16: ='20 - T5'!$E$14 -> Khai Anh | CT16: ='20 - T5'!$G$14 | CU16: ='20 - T5'!$I$14 | CV16: ='21 - T6'!$E$14 -> TÀI XẾ NGHỈ | CW16: ='21 - T6'!$G$14 | CX16: ='21 - T6'!$I$14 | CY16: ='22 - T7'!$E$14 -> TÀI XẾ NGHỈ | CZ16: ='22 - T7'!$G$14 | DA16: ='22 - T7'!$I$14 | DB16: ='23 - CN'!$E$14 -> Khai Anh | DC16: ='23 - CN'!$G$14 | DD16: ='23 - CN'!$I$14 | DE16: ='24 - T2'!$E$14 -> Khai Anh | DF16: ='24 - T2'!$G$14 | DG16: ='24 - T2'!$I$14 | DH16: ='25 - T3'!$E$14 -> Lúa Vàng | DI16: ='25 - T3'!$G$14 | DJ16: ='25 - T3'!$I$14 | DK16: ='26 - T4'!$E$14 -> Thuận An | DL16: ='26 - T4'!$G$14 | DM16: ='26 - T4'!$I$14 | DN16: ='27 - T5'!$E$14 -> Hoàng Mạnh Thắng | DO16: ='27 - T5'!$G$14 -> Thuận An | DP16: ='27 - T5'!$I$14 | DQ16: ='28 - T6'!$E$14 -> Khai Anh | DR16: ='28 - T6'!$G$14 | DS16: ='28 - T6'!$I$14 | DT16: ='29 - T7'!$E$14 -> LTP | DU16: ='29 - T7'!$G$14 | DV16: ='29 - T7'!$I$14 | DW16: ='30 - CN'!$E$14 | DX16: ='30 - CN'!$G$14 | DY16: ='30 - CN'!$I$14 | DZ16: ='31 - T2'!$E$14 | EA16: ='31 - T2'!$G$14 | EB16: ='31 - T2'!$I$14
A17: 13 | B17: 63H04234 | C17: =SUM(D17:S17) -> 29 | D17: =COUNTIF($AN17:$EB17,D$2) -> 16 | E17: =COUNTIF($AN17:$EB17,E$2) -> 1 | F17: =COUNTIF($AN17:$EB17,F$2) -> 0 | G17: =COUNTIF($AN17:$EB17,G$2) -> 1 | H17: =COUNTIF($AN17:$EB17,H$2) -> 1 | I17: =COUNTIF($AN17:$EB17,I$2) -> 0 | J17: =COUNTIF($AN17:$EB17,J$2) -> 3 | K17: =COUNTIF($AN17:$EB17,K$2) -> 0 | ... S17: =COUNTIF($AN17:$EB17,S$2) -> 4 | U17: =COUNTIF($AN17:$EB17,U$2) -> 0 | V17: =COUNTIF($AN17:$EB17,V$2) -> 0 | W17: =COUNTIF($AN17:$EB17,W$2) -> 0 | X17: =COUNTIF($AN17:$EB17,X$2) -> 3 | Z17: ='01 - T7'!$N$15+'02 - CN'!$N$15+'03 - T2'!$N$15+'04 - T3'!$N$15+'05 - T4'!$N$15+'06 - T5'!$N$15+'07 - T6'!$N$15+'08 - T7'!$N$15+'09 - CN'!$N$15+'10 - T2'!$N$15+'11 - T3'!$N$15+'12 - T4'!$N$15+'13 - T5'!$N$15+'14 - T6'!$N$15+'15 - T7'!$N$15+'16 - CN'!$N$15+'17 - T2'!$N$15+'18 - T3'!$N$15+'19 - T4'!$N$15+'20 - T5'!$N$15+'21 - T6'!$N$15+'22 - T7'!$N$15+'23 - CN'!$N$15+'24 - T2'!$N$15+'25 - T3'!$N$15+'26 - T4'!$N$15+'27 - T5'!$N$15+'28 - T6'!$N$15+'29 - T7'!$N$15+'30 - CN'!$N$15+'31 - T2'!$N$15 -> 24 | AA17: =IF(B17="","",Z17/31) -> 0.77419355 | AB17: =IF(B17="","",RANK(C17,$C$5:$C$30,0)) -> 6 | AN17: ='01 - T7'!$E$15 -> Khai Anh | AO17: ='01 - T7'!$G$15 -> HDVL | AP17: ='01 - T7'!$I$15 | AQ17: ='02 - CN'!$E$15 -> Khai Anh | AR17: ='02 - CN'!$G$15 | AS17: ='02 - CN'!$I$15 | AT17: ='03 - T2'!$E$15 | AU17: ='03 - T2'!$G$15 | AV17: ='03 - T2'!$I$15 | AW17: ='04 - T3'!$E$15 -> Khai Anh | AX17: ='04 - T3'!$G$15 | AY17: ='04 - T3'!$I$15 | AZ17: ='05 - T4'!$E$15 -> HDVL | BA17: ='05 - T4'!$G$15 | BB17: ='05 - T4'!$I$15 | BC17: ='06 - T5'!$E$15 -> Khai Anh | BD17: ='06 - T5'!$G$15 | BE17: ='06 - T5'!$I$15 | BF17: ='07 - T6'!$E$15 -> Hoàng Mạnh Thắng | BG17: ='07 - T6'!$G$15 -> Khai Anh | BH17: ='07 - T6'!$I$15 | BI17: ='08 - T7'!$E$15 -> Hoàng Mạnh Thắng | BJ17: ='08 - T7'!$G$15 -> HDVL | BK17: ='08 - T7'!$I$15 | BL17: ='09 - CN'!$E$15 -> Khai Anh | BM17: ='09 - CN'!$G$15 | BN17: ='09 - CN'!$I$15 | BO17: ='10 - T2'!$E$15 -> Thuận An | BP17: ='10 - T2'!$G$15 | BQ17: ='10 - T2'!$I$15 | BR17: ='11 - T3'!$E$15 -> Khai Anh | BS17: ='11 - T3'!$G$15 | BT17: ='11 - T3'!$I$15 | BU17: ='12 - T4'!$E$15 -> Phương Trang | BV17: ='12 - T4'!$G$15 | BW17: ='12 - T4'!$I$15 | BX17: ='13 - T5'!$E$15 | BY17: ='13 - T5'!$G$15 | BZ17: ='13 - T5'!$I$15 | CA17: ='14 - T6'!$E$15 -> TÀI XẾ NGHỈ | CB17: ='14 - T6'!$G$15 | CC17: ='14 - T6'!$I$15 | CD17: ='15 - T7'!$E$15 -> TÀI XẾ NGHỈ | CE17: ='15 - T7'!$G$15 | CF17: ='15 - T7'!$I$15 | CG17: ='16 - CN'!$E$15 -> TÀI XẾ NGHỈ | CH17: ='16 - CN'!$G$15 | CI17: ='16 - CN'!$I$15 | CJ17: ='17 - T2'!$E$15 -> Khai Anh | CK17: ='17 - T2'!$G$15 | CL17: ='17 - T2'!$I$15 | CM17: ='18 - T3'!$E$15 -> Khai Anh | CN17: ='18 - T3'!$G$15 | CO17: ='18 - T3'!$I$15 | CP17: ='19 - T4'!$E$15 -> Khai Anh | CQ17: ='19 - T4'!$G$15 | CR17: ='19 - T4'!$I$15 | CS17: ='20 - T5'!$E$15 -> Khai Anh | CT17: ='20 - T5'!$G$15 | CU17: ='20 - T5'!$I$15 | CV17: ='21 - T6'!$E$15 -> Kim Bàng | CW17: ='21 - T6'!$G$15 -> Khai Anh | CX17: ='21 - T6'!$I$15 | CY17: ='22 - T7'!$E$15 -> HDVL | CZ17: ='22 - T7'!$G$15 | DA17: ='22 - T7'!$I$15 | DB17: ='23 - CN'!$E$15 -> Khai Anh | DC17: ='23 - CN'!$G$15 | DD17: ='23 - CN'!$I$15 | DE17: ='24 - T2'!$E$15 -> Lúa Vàng | DF17: ='24 - T2'!$G$15 | DG17: ='24 - T2'!$I$15 | DH17: ='25 - T3'!$E$15 -> Khai Anh | DI17: ='25 - T3'!$G$15 | DJ17: ='25 - T3'!$I$15 | DK17: ='26 - T4'!$E$15 -> Khai Anh | DL17: ='26 - T4'!$G$15 | DM17: ='26 - T4'!$I$15 | DN17: ='27 - T5'!$E$15 -> Hoàng Mạnh Thắng | DO17: ='27 - T5'!$G$15 -> Khai Anh | DP17: ='27 - T5'!$I$15 | DQ17: ='28 - T6'!$E$15 -> Thuận An | DR17: ='28 - T6'!$G$15 | DS17: ='28 - T6'!$I$15 | DT17: ='29 - T7'!$E$15 -> Thuận An | DU17: ='29 - T7'!$G$15 | DV17: ='29 - T7'!$I$15 | DW17: ='30 - CN'!$E$15 | DX17: ='30 - CN'!$G$15 | DY17: ='30 - CN'!$I$15 | DZ17: ='31 - T2'!$E$15 | EA17: ='31 - T2'!$G$15 | EB17: ='31 - T2'!$I$15
A18: 14 | B18: 63E01235 | C18: =SUM(D18:S18) -> 26 | D18: =COUNTIF($AN18:$EB18,D$2) -> 14 | E18: =COUNTIF($AN18:$EB18,E$2) -> 0 | F18: =COUNTIF($AN18:$EB18,F$2) -> 1 | G18: =COUNTIF($AN18:$EB18,G$2) -> 1 | H18: =COUNTIF($AN18:$EB18,H$2) -> 2 | I18: =COUNTIF($AN18:$EB18,I$2) -> 0 | J18: =COUNTIF($AN18:$EB18,J$2) -> 1 | K18: =COUNTIF($AN18:$EB18,K$2) -> 0 | ... S18: =COUNTIF($AN18:$EB18,S$2) -> 4 | U18: =COUNTIF($AN18:$EB18,U$2) -> 0 | V18: =COUNTIF($AN18:$EB18,V$2) -> 0 | W18: =COUNTIF($AN18:$EB18,W$2) -> 2 | X18: =COUNTIF($AN18:$EB18,X$2) -> 1 | Z18: ='01 - T7'!$N$16+'02 - CN'!$N$16+'03 - T2'!$N$16+'04 - T3'!$N$16+'05 - T4'!$N$16+'06 - T5'!$N$16+'07 - T6'!$N$16+'08 - T7'!$N$16+'09 - CN'!$N$16+'10 - T2'!$N$16+'11 - T3'!$N$16+'12 - T4'!$N$16+'13 - T5'!$N$16+'14 - T6'!$N$16+'15 - T7'!$N$16+'16 - CN'!$N$16+'17 - T2'!$N$16+'18 - T3'!$N$16+'19 - T4'!$N$16+'20 - T5'!$N$16+'21 - T6'!$N$16+'22 - T7'!$N$16+'23 - CN'!$N$16+'24 - T2'!$N$16+'25 - T3'!$N$16+'26 - T4'!$N$16+'27 - T5'!$N$16+'28 - T6'!$N$16+'29 - T7'!$N$16+'30 - CN'!$N$16+'31 - T2'!$N$16 -> 24 | AA18: =IF(B18="","",Z18/31) -> 0.77419355 | AB18: =IF(B18="","",RANK(C18,$C$5:$C$30,0)) -> 13 | AN18: ='01 - T7'!$E$16 -> HDVL | AO18: ='01 - T7'!$G$16 | AP18: ='01 - T7'!$I$16 | AQ18: ='02 - CN'!$E$16 -> Khai Anh | AR18: ='02 - CN'!$G$16 | AS18: ='02 - CN'!$I$16 | AT18: ='03 - T2'!$E$16 -> Hoàng Mạnh Thắng | AU18: ='03 - T2'!$G$16 | AV18: ='03 - T2'!$I$16 | AW18: ='04 - T3'!$E$16 -> Hoàng Mạnh Thắng | AX18: ='04 - T3'!$G$16 -> HDVL | AY18: ='04 - T3'!$I$16 | AZ18: ='05 - T4'!$E$16 | BA18: ='05 - T4'!$G$16 | BB18: ='05 - T4'!$I$16 | BC18: ='06 - T5'!$E$16 -> HDVL | BD18: ='06 - T5'!$G$16 | BE18: ='06 - T5'!$I$16 | BF18: ='07 - T6'!$E$16 -> Khai Anh | BG18: ='07 - T6'!$G$16 -> Hoàng Mạnh Thắng | BH18: ='07 - T6'!$I$16 | BI18: ='08 - T7'!$E$16 -> Khai Anh | BJ18: ='08 - T7'!$G$16 -> RỚT NHÀ MÁY | BK18: ='08 - T7'!$I$16 | BL18: ='09 - CN'!$E$16 -> RỚT NHÀ MÁY | BM18: ='09 - CN'!$G$16 | BN18: ='09 - CN'!$I$16 | BO18: ='10 - T2'!$E$16 -> Khai Anh | BP18: ='10 - T2'!$G$16 | BQ18: ='10 - T2'!$I$16 | BR18: ='11 - T3'!$E$16 | BS18: ='11 - T3'!$G$16 | BT18: ='11 - T3'!$I$16 | BU18: ='12 - T4'!$E$16 -> Lúa Vàng | BV18: ='12 - T4'!$G$16 | BW18: ='12 - T4'!$I$16 | BX18: ='13 - T5'!$E$16 -> Khai Anh | BY18: ='13 - T5'!$G$16 | BZ18: ='13 - T5'!$I$16 | CA18: ='14 - T6'!$E$16 -> Khai Anh | CB18: ='14 - T6'!$G$16 | CC18: ='14 - T6'!$I$16 | CD18: ='15 - T7'!$E$16 | CE18: ='15 - T7'!$G$16 | CF18: ='15 - T7'!$I$16 | CG18: ='16 - CN'!$E$16 -> Khai Anh | CH18: ='16 - CN'!$G$16 | CI18: ='16 - CN'!$I$16 | CJ18: ='17 - T2'!$E$16 -> Khai Anh | CK18: ='17 - T2'!$G$16 | CL18: ='17 - T2'!$I$16 | CM18: ='18 - T3'!$E$16 -> Khai Anh | CN18: ='18 - T3'!$G$16 | CO18: ='18 - T3'!$I$16 | CP18: ='19 - T4'!$E$16 -> Phương Trang | CQ18: ='19 - T4'!$G$16 | CR18: ='19 - T4'!$I$16 | CS18: ='20 - T5'!$E$16 -> Khai Anh | CT18: ='20 - T5'!$G$16 | CU18: ='20 - T5'!$I$16 | CV18: ='21 - T6'!$E$16 -> Khai Anh | CW18: ='21 - T6'!$G$16 | CX18: ='21 - T6'!$I$16 | CY18: ='22 - T7'!$E$16 -> HDVL | CZ18: ='22 - T7'!$G$16 | DA18: ='22 - T7'!$I$16 | DB18: ='23 - CN'!$E$16 -> Khai Anh | DC18: ='23 - CN'!$G$16 | DD18: ='23 - CN'!$I$16 | DE18: ='24 - T2'!$E$16 -> Khai Anh | DF18: ='24 - T2'!$G$16 | DG18: ='24 - T2'!$I$16 | DH18: ='25 - T3'!$E$16 -> Thuận An | DI18: ='25 - T3'!$G$16 | DJ18: ='25 - T3'!$I$16 | DK18: ='26 - T4'!$E$16 -> Khai Anh | DL18: ='26 - T4'!$G$16 | DM18: ='26 - T4'!$I$16 | DN18: ='27 - T5'!$E$16 -> Lúa Vàng | DO18: ='27 - T5'!$G$16 | DP18: ='27 - T5'!$I$16 | DQ18: ='28 - T6'!$E$16 -> Vưu Đức Phát | DR18: ='28 - T6'!$G$16 | DS18: ='28 - T6'!$I$16 | DT18: ='29 - T7'!$E$16 -> TÀI XẾ NGHỈ | DU18: ='29 - T7'!$G$16 | DV18: ='29 - T7'!$I$16 | DW18: ='30 - CN'!$E$16 | DX18: ='30 - CN'!$G$16 | DY18: ='30 - CN'!$I$16 | DZ18: ='31 - T2'!$E$16 | EA18: ='31 - T2'!$G$16 | EB18: ='31 - T2'!$I$16
A19: 15 | B19: 63H04236 | C19: =SUM(D19:S19) -> 25 | D19: =COUNTIF($AN19:$EB19,D$2) -> 11 | E19: =COUNTIF($AN19:$EB19,E$2) -> 1 | F19: =COUNTIF($AN19:$EB19,F$2) -> 0 | G19: =COUNTIF($AN19:$EB19,G$2) -> 3 | H19: =COUNTIF($AN19:$EB19,H$2) -> 2 | I19: =COUNTIF($AN19:$EB19,I$2) -> 0 | J19: =COUNTIF($AN19:$EB19,J$2) -> 3 | K19: =COUNTIF($AN19:$EB19,K$2) -> 0 | ... S19: =COUNTIF($AN19:$EB19,S$2) -> 5 | U19: =COUNTIF($AN19:$EB19,U$2) -> 0 | V19: =COUNTIF($AN19:$EB19,V$2) -> 0 | W19: =COUNTIF($AN19:$EB19,W$2) -> 0 | X19: =COUNTIF($AN19:$EB19,X$2) -> 0 | Z19: ='01 - T7'!$N$17+'02 - CN'!$N$17+'03 - T2'!$N$17+'04 - T3'!$N$17+'05 - T4'!$N$17+'06 - T5'!$N$17+'07 - T6'!$N$17+'08 - T7'!$N$17+'09 - CN'!$N$17+'10 - T2'!$N$17+'11 - T3'!$N$17+'12 - T4'!$N$17+'13 - T5'!$N$17+'14 - T6'!$N$17+'15 - T7'!$N$17+'16 - CN'!$N$17+'17 - T2'!$N$17+'18 - T3'!$N$17+'19 - T4'!$N$17+'20 - T5'!$N$17+'21 - T6'!$N$17+'22 - T7'!$N$17+'23 - CN'!$N$17+'24 - T2'!$N$17+'25 - T3'!$N$17+'26 - T4'!$N$17+'27 - T5'!$N$17+'28 - T6'!$N$17+'29 - T7'!$N$17+'30 - CN'!$N$17+'31 - T2'!$N$17 -> 25 | AA19: =IF(B19="","",Z19/31) -> 0.80645161 | AB19: =IF(B19="","",RANK(C19,$C$5:$C$30,0)) -> 15 | AN19: ='01 - T7'!$E$17 -> HDVL | AO19: ='01 - T7'!$G$17 | AP19: ='01 - T7'!$I$17 | AQ19: ='02 - CN'!$E$17 | AR19: ='02 - CN'!$G$17 | AS19: ='02 - CN'!$I$17 | AT19: ='03 - T2'!$E$17 | AU19: ='03 - T2'!$G$17 | AV19: ='03 - T2'!$I$17 | AW19: ='04 - T3'!$E$17 | AX19: ='04 - T3'!$G$17 | AY19: ='04 - T3'!$I$17 | AZ19: ='05 - T4'!$E$17 -> Lúa Vàng | BA19: ='05 - T4'!$G$17 | BB19: ='05 - T4'!$I$17 | BC19: ='06 - T5'!$E$17 -> HDVL | BD19: ='06 - T5'!$G$17 | BE19: ='06 - T5'!$I$17 | BF19: ='07 - T6'!$E$17 -> HDVL | BG19: ='07 - T6'!$G$17 | BH19: ='07 - T6'!$I$17 | BI19: ='08 - T7'!$E$17 -> HDVL | BJ19: ='08 - T7'!$G$17 | BK19: ='08 - T7'!$I$17 | BL19: ='09 - CN'!$E$17 -> Thuận An | BM19: ='09 - CN'!$G$17 | BN19: ='09 - CN'!$I$17 | BO19: ='10 - T2'!$E$17 -> Khai Anh | BP19: ='10 - T2'!$G$17 | BQ19: ='10 - T2'!$I$17 | BR19: ='11 - T3'!$E$17 -> Khai Anh | BS19: ='11 - T3'!$G$17 | BT19: ='11 - T3'!$I$17 | BU19: ='12 - T4'!$E$17 -> Khai Anh | BV19: ='12 - T4'!$G$17 | BW19: ='12 - T4'!$I$17 | BX19: ='13 - T5'!$E$17 -> Lúa Vàng | BY19: ='13 - T5'!$G$17 | BZ19: ='13 - T5'!$I$17 | CA19: ='14 - T6'!$E$17 -> Kim Bàng | CB19: ='14 - T6'!$G$17 | CC19: ='14 - T6'!$I$17 | CD19: ='15 - T7'!$E$17 | CE19: ='15 - T7'!$G$17 | CF19: ='15 - T7'!$I$17 | CG19: ='16 - CN'!$E$17 -> Khai Anh | CH19: ='16 - CN'!$G$17 | CI19: ='16 - CN'!$I$17 | CJ19: ='17 - T2'!$E$17 -> Khai Anh | CK19: ='17 - T2'!$G$17 | CL19: ='17 - T2'!$I$17 | CM19: ='18 - T3'!$E$17 -> Phương Trang | CN19: ='18 - T3'!$G$17 | CO19: ='18 - T3'!$I$17 | CP19: ='19 - T4'!$E$17 -> Phương Trang | CQ19: ='19 - T4'!$G$17 | CR19: ='19 - T4'!$I$17 | CS19: ='20 - T5'!$E$17 -> Thuận An | CT19: ='20 - T5'!$G$17 | CU19: ='20 - T5'!$I$17 | CV19: ='21 - T6'!$E$17 -> Khai Anh | CW19: ='21 - T6'!$G$17 | CX19: ='21 - T6'!$I$17 | CY19: ='22 - T7'!$E$17 -> HDVL | CZ19: ='22 - T7'!$G$17 | DA19: ='22 - T7'!$I$17 | DB19: ='23 - CN'!$E$17 -> Khai Anh | DC19: ='23 - CN'!$G$17 | DD19: ='23 - CN'!$I$17 | DE19: ='24 - T2'!$E$17 -> Khai Anh | DF19: ='24 - T2'!$G$17 | DG19: ='24 - T2'!$I$17 | DH19: ='25 - T3'!$E$17 -> Khai Anh | DI19: ='25 - T3'!$G$17 | DJ19: ='25 - T3'!$I$17 | DK19: ='26 - T4'!$E$17 -> Phương Trang | DL19: ='26 - T4'!$G$17 | DM19: ='26 - T4'!$I$17 | DN19: ='27 - T5'!$E$17 -> Khai Anh | DO19: ='27 - T5'!$G$17 | DP19: ='27 - T5'!$I$17 | DQ19: ='28 - T6'!$E$17 -> Khai Anh | DR19: ='28 - T6'!$G$17 | DS19: ='28 - T6'!$I$17 | DT19: ='29 - T7'!$E$17 -> Thuận An | DU19: ='29 - T7'!$G$17 | DV19: ='29 - T7'!$I$17 | DW19: ='30 - CN'!$E$17 | DX19: ='30 - CN'!$G$17 | DY19: ='30 - CN'!$I$17 | DZ19: ='31 - T2'!$E$17 | EA19: ='31 - T2'!$G$17 | EB19: ='31 - T2'!$I$17
A20: 16 | B20: 63F00512 | C20: =SUM(D20:S20) -> 27 | D20: =COUNTIF($AN20:$EB20,D$2) -> 10 | E20: =COUNTIF($AN20:$EB20,E$2) -> 1 | F20: =COUNTIF($AN20:$EB20,F$2) -> 1 | G20: =COUNTIF($AN20:$EB20,G$2) -> 0 | H20: =COUNTIF($AN20:$EB20,H$2) -> 0 | I20: =COUNTIF($AN20:$EB20,I$2) -> 0 | J20: =COUNTIF($AN20:$EB20,J$2) -> 1 | K20: =COUNTIF($AN20:$EB20,K$2) -> 0 | ... S20: =COUNTIF($AN20:$EB20,S$2) -> 3 | U20: =COUNTIF($AN20:$EB20,U$2) -> 0 | V20: =COUNTIF($AN20:$EB20,V$2) -> 0 | W20: =COUNTIF($AN20:$EB20,W$2) -> 2 | X20: =COUNTIF($AN20:$EB20,X$2) -> 1 | Z20: ='01 - T7'!$N$19+'02 - CN'!$N$19+'03 - T2'!$N$19+'04 - T3'!$N$19+'05 - T4'!$N$19+'06 - T5'!$N$19+'07 - T6'!$N$19+'08 - T7'!$N$19+'09 - CN'!$N$19+'10 - T2'!$N$19+'11 - T3'!$N$19+'12 - T4'!$N$19+'13 - T5'!$N$19+'14 - T6'!$N$19+'15 - T7'!$N$19+'16 - CN'!$N$19+'17 - T2'!$N$19+'18 - T3'!$N$19+'19 - T4'!$N$19+'20 - T5'!$N$19+'21 - T6'!$N$19+'22 - T7'!$N$19+'23 - CN'!$N$19+'24 - T2'!$N$19+'25 - T3'!$N$19+'26 - T4'!$N$19+'27 - T5'!$N$19+'28 - T6'!$N$19+'29 - T7'!$N$19+'30 - CN'!$N$19+'31 - T2'!$N$19 -> 25 | AA20: =IF(B20="","",Z20/31) -> 0.80645161 | AB20: =IF(B20="","",RANK(C20,$C$5:$C$30,0)) -> 9 | AN20: ='01 - T7'!$E$19 -> HDVL | AO20: ='01 - T7'!$G$19 | AP20: ='01 - T7'!$I$19 | AQ20: ='02 - CN'!$E$19 -> Khai Anh | AR20: ='02 - CN'!$G$19 | AS20: ='02 - CN'!$I$19 | AT20: ='03 - T2'!$E$19 -> HDVL | AU20: ='03 - T2'!$G$19 | AV20: ='03 - T2'!$I$19 | AW20: ='04 - T3'!$E$19 -> Khai Anh | AX20: ='04 - T3'!$G$19 | AY20: ='04 - T3'!$I$19 | AZ20: ='05 - T4'!$E$19 -> HDVL | BA20: ='05 - T4'!$G$19 | BB20: ='05 - T4'!$I$19 | BC20: ='06 - T5'!$E$19 -> Khai Anh | BD20: ='06 - T5'!$G$19 | BE20: ='06 - T5'!$I$19 | BF20: ='07 - T6'!$E$19 -> Emivest | BG20: ='07 - T6'!$G$19 | BH20: ='07 - T6'!$I$19 | BI20: ='08 - T7'!$E$19 -> Emivest | BJ20: ='08 - T7'!$G$19 | BK20: ='08 - T7'!$I$19 | BL20: ='09 - CN'!$E$19 -> Emivest | BM20: ='09 - CN'!$G$19 | BN20: ='09 - CN'!$I$19 | BO20: ='10 - T2'!$E$19 -> Emivest | BP20: ='10 - T2'!$G$19 -> Emivest | BQ20: ='10 - T2'!$I$19 | BR20: ='11 - T3'!$E$19 -> Emivest | BS20: ='11 - T3'!$G$19 | BT20: ='11 - T3'!$I$19 | BU20: ='12 - T4'!$E$19 -> Emivest | BV20: ='12 - T4'!$G$19 | BW20: ='12 - T4'!$I$19 | BX20: ='13 - T5'!$E$19 -> Khai Anh | BY20: ='13 - T5'!$G$19 | BZ20: ='13 - T5'!$I$19 | CA20: ='14 - T6'!$E$19 -> Khai Anh | CB20: ='14 - T6'!$G$19 | CC20: ='14 - T6'!$I$19 | CD20: ='15 - T7'!$E$19 | CE20: ='15 - T7'!$G$19 | CF20: ='15 - T7'!$I$19 | CG20: ='16 - CN'!$E$19 -> RỚT NHÀ MÁY | CH20: ='16 - CN'!$G$19 | CI20: ='16 - CN'!$I$19 | CJ20: ='17 - T2'!$E$19 -> Emivest | CK20: ='17 - T2'!$G$19 -> Emivest | CL20: ='17 - T2'!$I$19 | CM20: ='18 - T3'!$E$19 -> Emivest | CN20: ='18 - T3'!$G$19 | CO20: ='18 - T3'!$I$19 | CP20: ='19 - T4'!$E$19 -> Kim Bàng | CQ20: ='19 - T4'!$G$19 | CR20: ='19 - T4'!$I$19 | CS20: ='20 - T5'!$E$19 -> RỚT NHÀ MÁY | CT20: ='20 - T5'!$G$19 | CU20: ='20 - T5'!$I$19 | CV20: ='21 - T6'!$E$19 -> Khai Anh | CW20: ='21 - T6'!$G$19 | CX20: ='21 - T6'!$I$19 | CY20: ='22 - T7'!$E$19 -> Khai Anh | CZ20: ='22 - T7'!$G$19 | DA20: ='22 - T7'!$I$19 | DB20: ='23 - CN'!$E$19 -> TÀI XẾ NGHỈ | DC20: ='23 - CN'!$G$19 | DD20: ='23 - CN'!$I$19 | DE20: ='24 - T2'!$E$19 -> Vưu Đức Phát | DF20: ='24 - T2'!$G$19 | DG20: ='24 - T2'!$I$19 | DH20: ='25 - T3'!$E$19 -> Khai Anh | DI20: ='25 - T3'!$G$19 | DJ20: ='25 - T3'!$I$19 | DK20: ='26 - T4'!$E$19 -> Khai Anh | DL20: ='26 - T4'!$G$19 | DM20: ='26 - T4'!$I$19 | DN20: ='27 - T5'!$E$19 -> Khai Anh | DO20: ='27 - T5'!$G$19 | DP20: ='27 - T5'!$I$19 | DQ20: ='28 - T6'!$E$19 -> Thuận An | DR20: ='28 - T6'!$G$19 | DS20: ='28 - T6'!$I$19 | DT20: ='29 - T7'!$E$19 -> LTP | DU20: ='29 - T7'!$G$19 | DV20: ='29 - T7'!$I$19 | DW20: ='30 - CN'!$E$19 | DX20: ='30 - CN'!$G$19 | DY20: ='30 - CN'!$I$19 | DZ20: ='31 - T2'!$E$19 | EA20: ='31 - T2'!$G$19 | EB20: ='31 - T2'!$I$19
A21: 17 | B21: 63F00538 | C21: =SUM(D21:S21) -> 21 | D21: =COUNTIF($AN21:$EB21,D$2) -> 11 | E21: =COUNTIF($AN21:$EB21,E$2) -> 0 | F21: =COUNTIF($AN21:$EB21,F$2) -> 0 | G21: =COUNTIF($AN21:$EB21,G$2) -> 0 | H21: =COUNTIF($AN21:$EB21,H$2) -> 0 | I21: =COUNTIF($AN21:$EB21,I$2) -> 0 | J21: =COUNTIF($AN21:$EB21,J$2) -> 1 | K21: =COUNTIF($AN21:$EB21,K$2) -> 0 | ... S21: =COUNTIF($AN21:$EB21,S$2) -> 1 | U21: =COUNTIF($AN21:$EB21,U$2) -> 6 | V21: =COUNTIF($AN21:$EB21,V$2) -> 1 | W21: =COUNTIF($AN21:$EB21,W$2) -> 0 | X21: =COUNTIF($AN21:$EB21,X$2) -> 1 | Z21: ='01 - T7'!$N$20+'02 - CN'!$N$20+'03 - T2'!$N$20+'04 - T3'!$N$20+'05 - T4'!$N$20+'06 - T5'!$N$20+'07 - T6'!$N$20+'08 - T7'!$N$20+'09 - CN'!$N$20+'10 - T2'!$N$20+'11 - T3'!$N$20+'12 - T4'!$N$20+'13 - T5'!$N$20+'14 - T6'!$N$20+'15 - T7'!$N$20+'16 - CN'!$N$20+'17 - T2'!$N$20+'18 - T3'!$N$20+'19 - T4'!$N$20+'20 - T5'!$N$20+'21 - T6'!$N$20+'22 - T7'!$N$20+'23 - CN'!$N$20+'24 - T2'!$N$20+'25 - T3'!$N$20+'26 - T4'!$N$20+'27 - T5'!$N$20+'28 - T6'!$N$20+'29 - T7'!$N$20+'30 - CN'!$N$20+'31 - T2'!$N$20 -> 19 | AA21: =IF(B21="","",Z21/31) -> 0.61290323 | AB21: =IF(B21="","",RANK(C21,$C$5:$C$30,0)) -> 19 | AN21: ='01 - T7'!$E$20 -> TRỐNG LỊCH | AO21: ='01 - T7'!$G$20 | AP21: ='01 - T7'!$I$20 | AQ21: ='02 - CN'!$E$20 -> TRỐNG LỊCH | AR21: ='02 - CN'!$G$20 | AS21: ='02 - CN'!$I$20 | AT21: ='03 - T2'!$E$20 -> TRỐNG LỊCH | AU21: ='03 - T2'!$G$20 | AV21: ='03 - T2'!$I$20 | AW21: ='04 - T3'!$E$20 -> TRỐNG LỊCH | AX21: ='04 - T3'!$G$20 | AY21: ='04 - T3'!$I$20 | AZ21: ='05 - T4'!$E$20 -> TRỐNG LỊCH | BA21: ='05 - T4'!$G$20 | BB21: ='05 - T4'!$I$20 | BC21: ='06 - T5'!$E$20 -> TRỐNG LỊCH | BD21: ='06 - T5'!$G$20 | BE21: ='06 - T5'!$I$20 | BF21: ='07 - T6'!$E$20 -> Emivest | BG21: ='07 - T6'!$G$20 | BH21: ='07 - T6'!$I$20 | BI21: ='08 - T7'!$E$20 -> Emivest | BJ21: ='08 - T7'!$G$20 -> HDVL | BK21: ='08 - T7'!$I$20 | BL21: ='09 - CN'!$E$20 | BM21: ='09 - CN'!$G$20 | BN21: ='09 - CN'!$I$20 | BO21: ='10 - T2'!$E$20 -> TÀI XẾ NGHỈ | BP21: ='10 - T2'!$G$20 | BQ21: ='10 - T2'!$I$20 | BR21: ='11 - T3'!$E$20 -> Khai Anh | BS21: ='11 - T3'!$G$20 | BT21: ='11 - T3'!$I$20 | BU21: ='12 - T4'!$E$20 -> Khai Anh | BV21: ='12 - T4'!$G$20 | BW21: ='12 - T4'!$I$20 | BX21: ='13 - T5'!$E$20 -> Emivest | BY21: ='13 - T5'!$G$20 | BZ21: ='13 - T5'!$I$20 | CA21: ='14 - T6'!$E$20 -> Emivest | CB21: ='14 - T6'!$G$20 -> Khai Anh | CC21: ='14 - T6'!$I$20 | CD21: ='15 - T7'!$E$20 | CE21: ='15 - T7'!$G$20 | CF21: ='15 - T7'!$I$20 | CG21: ='16 - CN'!$E$20 -> Khai Anh | CH21: ='16 - CN'!$G$20 | CI21: ='16 - CN'!$I$20 | CJ21: ='17 - T2'!$E$20 -> Emivest | CK21: ='17 - T2'!$G$20 | CL21: ='17 - T2'!$I$20 | CM21: ='18 - T3'!$E$20 -> Emivest | CN21: ='18 - T3'!$G$20 | CO21: ='18 - T3'!$I$20 | CP21: ='19 - T4'!$E$20 -> Emivest | CQ21: ='19 - T4'!$G$20 | CR21: ='19 - T4'!$I$20 | CS21: ='20 - T5'!$E$20 -> Khai Anh | CT21: ='20 - T5'!$G$20 | CU21: ='20 - T5'!$I$20 | CV21: ='21 - T6'!$E$20 -> CHUYỂN ĐIỂM | CW21: ='21 - T6'!$G$20 | CX21: ='21 - T6'!$I$20 | CY21: ='22 - T7'!$E$20 -> Khai Anh | CZ21: ='22 - T7'!$G$20 | DA21: ='22 - T7'!$I$20 | DB21: ='23 - CN'!$E$20 -> Khai Anh | DC21: ='23 - CN'!$G$20 | DD21: ='23 - CN'!$I$20 | DE21: ='24 - T2'!$E$20 -> Khai Anh | DF21: ='24 - T2'!$G$20 | DG21: ='24 - T2'!$I$20 | DH21: ='25 - T3'!$E$20 -> Khai Anh | DI21: ='25 - T3'!$G$20 | DJ21: ='25 - T3'!$I$20 | DK21: ='26 - T4'!$E$20 -> Khai Anh | DL21: ='26 - T4'!$G$20 | DM21: ='26 - T4'!$I$20 | DN21: ='27 - T5'!$E$20 -> Khai Anh | DO21: ='27 - T5'!$G$20 | DP21: ='27 - T5'!$I$20 | DQ21: ='28 - T6'!$E$20 -> Thuận An | DR21: ='28 - T6'!$G$20 | DS21: ='28 - T6'!$I$20 | DT21: ='29 - T7'!$E$20 -> LTP | DU21: ='29 - T7'!$G$20 | DV21: ='29 - T7'!$I$20 | DW21: ='30 - CN'!$E$20 | DX21: ='30 - CN'!$G$20 | DY21: ='30 - CN'!$I$20 | DZ21: ='31 - T2'!$E$20 | EA21: ='31 - T2'!$G$20 | EB21: ='31 - T2'!$I$20
A22: 18 | B22: 63E01212 | C22: =SUM(D22:S22) -> 25 | D22: =COUNTIF($AN22:$EB22,D$2) -> 15 | E22: =COUNTIF($AN22:$EB22,E$2) -> 0 | F22: =COUNTIF($AN22:$EB22,F$2) -> 2 | G22: =COUNTIF($AN22:$EB22,G$2) -> 0 | H22: =COUNTIF($AN22:$EB22,H$2) -> 0 | I22: =COUNTIF($AN22:$EB22,I$2) -> 0 | J22: =COUNTIF($AN22:$EB22,J$2) -> 2 | K22: =COUNTIF($AN22:$EB22,K$2) -> 0 | ... S22: =COUNTIF($AN22:$EB22,S$2) -> 3 | U22: =COUNTIF($AN22:$EB22,U$2) -> 0 | V22: =COUNTIF($AN22:$EB22,V$2) -> 0 | W22: =COUNTIF($AN22:$EB22,W$2) -> 2 | X22: =COUNTIF($AN22:$EB22,X$2) -> 0 | Z22: ='01 - T7'!$N$21+'02 - CN'!$N$21+'03 - T2'!$N$21+'04 - T3'!$N$21+'05 - T4'!$N$21+'06 - T5'!$N$21+'07 - T6'!$N$21+'08 - T7'!$N$21+'09 - CN'!$N$21+'10 - T2'!$N$21+'11 - T3'!$N$21+'12 - T4'!$N$21+'13 - T5'!$N$21+'14 - T6'!$N$21+'15 - T7'!$N$21+'16 - CN'!$N$21+'17 - T2'!$N$21+'18 - T3'!$N$21+'19 - T4'!$N$21+'20 - T5'!$N$21+'21 - T6'!$N$21+'22 - T7'!$N$21+'23 - CN'!$N$21+'24 - T2'!$N$21+'25 - T3'!$N$21+'26 - T4'!$N$21+'27 - T5'!$N$21+'28 - T6'!$N$21+'29 - T7'!$N$21+'30 - CN'!$N$21+'31 - T2'!$N$21 -> 25 | AA22: =IF(B22="","",Z22/31) -> 0.80645161 | AB22: =IF(B22="","",RANK(C22,$C$5:$C$30,0)) -> 15 | AN22: ='01 - T7'!$E$21 -> Khai Anh | AO22: ='01 - T7'!$G$21 | AP22: ='01 - T7'!$I$21 | AQ22: ='02 - CN'!$E$21 -> Khai Anh | AR22: ='02 - CN'!$G$21 | AS22: ='02 - CN'!$I$21 | AT22: ='03 - T2'!$E$21 -> HDVL | AU22: ='03 - T2'!$G$21 | AV22: ='03 - T2'!$I$21 | AW22: ='04 - T3'!$E$21 -> HDVL | AX22: ='04 - T3'!$G$21 | AY22: ='04 - T3'!$I$21 | AZ22: ='05 - T4'!$E$21 | BA22: ='05 - T4'!$G$21 | BB22: ='05 - T4'!$I$21 | BC22: ='06 - T5'!$E$21 -> HDVL | BD22: ='06 - T5'!$G$21 | BE22: ='06 - T5'!$I$21 | BF22: ='07 - T6'!$E$21 -> Hoàng Mạnh Thắng | BG22: ='07 - T6'!$G$21 | BH22: ='07 - T6'!$I$21 | BI22: ='08 - T7'!$E$21 -> Khai Anh | BJ22: ='08 - T7'!$G$21 | BK22: ='08 - T7'!$I$21 | BL22: ='09 - CN'!$E$21 -> RỚT NHÀ MÁY | BM22: ='09 - CN'!$G$21 | BN22: ='09 - CN'!$I$21 | BO22: ='10 - T2'!$E$21 -> Khai Anh | BP22: ='10 - T2'!$G$21 | BQ22: ='10 - T2'!$I$21 | BR22: ='11 - T3'!$E$21 -> Khai Anh | BS22: ='11 - T3'!$G$21 | BT22: ='11 - T3'!$I$21 | BU22: ='12 - T4'!$E$21 -> Khai Anh | BV22: ='12 - T4'!$G$21 | BW22: ='12 - T4'!$I$21 | BX22: ='13 - T5'!$E$21 -> RỚT NHÀ MÁY | BY22: ='13 - T5'!$G$21 | BZ22: ='13 - T5'!$I$21 | CA22: ='14 - T6'!$E$21 -> Khai Anh | CB22: ='14 - T6'!$G$21 | CC22: ='14 - T6'!$I$21 | CD22: ='15 - T7'!$E$21 | CE22: ='15 - T7'!$G$21 | CF22: ='15 - T7'!$I$21 | CG22: ='16 - CN'!$E$21 -> Khai Anh | CH22: ='16 - CN'!$G$21 | CI22: ='16 - CN'!$I$21 | CJ22: ='17 - T2'!$E$21 -> Khai Anh | CK22: ='17 - T2'!$G$21 | CL22: ='17 - T2'!$I$21 | CM22: ='18 - T3'!$E$21 -> RICO | CN22: ='18 - T3'!$G$21 | CO22: ='18 - T3'!$I$21 | CP22: ='19 - T4'!$E$21 -> Khai Anh | CQ22: ='19 - T4'!$G$21 | CR22: ='19 - T4'!$I$21 | CS22: ='20 - T5'!$E$21 -> Khai Anh | CT22: ='20 - T5'!$G$21 | CU22: ='20 - T5'!$I$21 | CV22: ='21 - T6'!$E$21 -> Khai Anh | CW22: ='21 - T6'!$G$21 | CX22: ='21 - T6'!$I$21 | CY22: ='22 - T7'!$E$21 -> Khai Anh | CZ22: ='22 - T7'!$G$21 | DA22: ='22 - T7'!$I$21 | DB22: ='23 - CN'!$E$21 -> Khai Anh | DC22: ='23 - CN'!$G$21 | DD22: ='23 - CN'!$I$21 | DE22: ='24 - T2'!$E$21 -> Vưu Đức Phát | DF22: ='24 - T2'!$G$21 | DG22: ='24 - T2'!$I$21 | DH22: ='25 - T3'!$E$21 -> Vưu Đức Phát | DI22: ='25 - T3'!$G$21 | DJ22: ='25 - T3'!$I$21 | DK22: ='26 - T4'!$E$21 -> Thuận An | DL22: ='26 - T4'!$G$21 | DM22: ='26 - T4'!$I$21 | DN22: ='27 - T5'!$E$21 -> Khai Anh | DO22: ='27 - T5'!$G$21 | DP22: ='27 - T5'!$I$21 | DQ22: ='28 - T6'!$E$21 -> Thuận An | DR22: ='28 - T6'!$G$21 | DS22: ='28 - T6'!$I$21 | DT22: ='29 - T7'!$E$21 -> LTP | DU22: ='29 - T7'!$G$21 | DV22: ='29 - T7'!$I$21 | DW22: ='30 - CN'!$E$21 | DX22: ='30 - CN'!$G$21 | DY22: ='30 - CN'!$I$21 | DZ22: ='31 - T2'!$E$21 | EA22: ='31 - T2'!$G$21 | EB22: ='31 - T2'!$I$21
A23: 19 | B23: 63E01141 | C23: =SUM(D23:S23) -> 27 | D23: =COUNTIF($AN23:$EB23,D$2) -> 22 | E23: =COUNTIF($AN23:$EB23,E$2) -> 0 | F23: =COUNTIF($AN23:$EB23,F$2) -> 2 | G23: =COUNTIF($AN23:$EB23,G$2) -> 0 | H23: =COUNTIF($AN23:$EB23,H$2) -> 0 | I23: =COUNTIF($AN23:$EB23,I$2) -> 0 | J23: =COUNTIF($AN23:$EB23,J$2) -> 0 | K23: =COUNTIF($AN23:$EB23,K$2) -> 0 | ... S23: =COUNTIF($AN23:$EB23,S$2) -> 3 | U23: =COUNTIF($AN23:$EB23,U$2) -> 0 | V23: =COUNTIF($AN23:$EB23,V$2) -> 0 | W23: =COUNTIF($AN23:$EB23,W$2) -> 0 | X23: =COUNTIF($AN23:$EB23,X$2) -> 1 | Z23: ='01 - T7'!$N$22+'02 - CN'!$N$22+'03 - T2'!$N$22+'04 - T3'!$N$22+'05 - T4'!$N$22+'06 - T5'!$N$22+'07 - T6'!$N$22+'08 - T7'!$N$22+'09 - CN'!$N$22+'10 - T2'!$N$22+'11 - T3'!$N$22+'12 - T4'!$N$22+'13 - T5'!$N$22+'14 - T6'!$N$22+'15 - T7'!$N$22+'16 - CN'!$N$22+'17 - T2'!$N$22+'18 - T3'!$N$22+'19 - T4'!$N$22+'20 - T5'!$N$22+'21 - T6'!$N$22+'22 - T7'!$N$22+'23 - CN'!$N$22+'24 - T2'!$N$22+'25 - T3'!$N$22+'26 - T4'!$N$22+'27 - T5'!$N$22+'28 - T6'!$N$22+'29 - T7'!$N$22+'30 - CN'!$N$22+'31 - T2'!$N$22 -> 27 | AA23: =IF(B23="","",Z23/31) -> 0.87096774 | AB23: =IF(B23="","",RANK(C23,$C$5:$C$30,0)) -> 9 | AN23: ='01 - T7'!$E$22 -> HDVL | AO23: ='01 - T7'!$G$22 | AP23: ='01 - T7'!$I$22 | AQ23: ='02 - CN'!$E$22 -> Khai Anh | AR23: ='02 - CN'!$G$22 | AS23: ='02 - CN'!$I$22 | AT23: ='03 - T2'!$E$22 -> HDVL | AU23: ='03 - T2'!$G$22 | AV23: ='03 - T2'!$I$22 | AW23: ='04 - T3'!$E$22 -> Khai Anh | AX23: ='04 - T3'!$G$22 | AY23: ='04 - T3'!$I$22 | AZ23: ='05 - T4'!$E$22 -> HDVL | BA23: ='05 - T4'!$G$22 | BB23: ='05 - T4'!$I$22 | BC23: ='06 - T5'!$E$22 -> Khai Anh | BD23: ='06 - T5'!$G$22 | BE23: ='06 - T5'!$I$22 | BF23: ='07 - T6'!$E$22 -> Khai Anh | BG23: ='07 - T6'!$G$22 | BH23: ='07 - T6'!$I$22 | BI23: ='08 - T7'!$E$22 -> Khai Anh | BJ23: ='08 - T7'!$G$22 | BK23: ='08 - T7'!$I$22 | BL23: ='09 - CN'!$E$22 -> Khai Anh | BM23: ='09 - CN'!$G$22 | BN23: ='09 - CN'!$I$22 | BO23: ='10 - T2'!$E$22 -> Khai Anh | BP23: ='10 - T2'!$G$22 | BQ23: ='10 - T2'!$I$22 | BR23: ='11 - T3'!$E$22 -> Khai Anh | BS23: ='11 - T3'!$G$22 | BT23: ='11 - T3'!$I$22 | BU23: ='12 - T4'!$E$22 -> Khai Anh | BV23: ='12 - T4'!$G$22 | BW23: ='12 - T4'!$I$22 | BX23: ='13 - T5'!$E$22 -> Khai Anh | BY23: ='13 - T5'!$G$22 | BZ23: ='13 - T5'!$I$22 | CA23: ='14 - T6'!$E$22 -> Khai Anh | CB23: ='14 - T6'!$G$22 | CC23: ='14 - T6'!$I$22 | CD23: ='15 - T7'!$E$22 | CE23: ='15 - T7'!$G$22 | CF23: ='15 - T7'!$I$22 | CG23: ='16 - CN'!$E$22 -> Khai Anh | CH23: ='16 - CN'!$G$22 | CI23: ='16 - CN'!$I$22 | CJ23: ='17 - T2'!$E$22 -> Khai Anh | CK23: ='17 - T2'!$G$22 | CL23: ='17 - T2'!$I$22 | CM23: ='18 - T3'!$E$22 -> Khai Anh | CN23: ='18 - T3'!$G$22 | CO23: ='18 - T3'!$I$22 | CP23: ='19 - T4'!$E$22 -> Khai Anh | CQ23: ='19 - T4'!$G$22 | CR23: ='19 - T4'!$I$22 | CS23: ='20 - T5'!$E$22 -> Khai Anh | CT23: ='20 - T5'!$G$22 | CU23: ='20 - T5'!$I$22 | CV23: ='21 - T6'!$E$22 -> Khai Anh | CW23: ='21 - T6'!$G$22 | CX23: ='21 - T6'!$I$22 | CY23: ='22 - T7'!$E$22 -> Khai Anh | CZ23: ='22 - T7'!$G$22 | DA23: ='22 - T7'!$I$22 | DB23: ='23 - CN'!$E$22 -> Khai Anh | DC23: ='23 - CN'!$G$22 | DD23: ='23 - CN'!$I$22 | DE23: ='24 - T2'!$E$22 -> Vưu Đức Phát | DF23: ='24 - T2'!$G$22 | DG23: ='24 - T2'!$I$22 | DH23: ='25 - T3'!$E$22 -> Vưu Đức Phát | DI23: ='25 - T3'!$G$22 | DJ23: ='25 - T3'!$I$22 | DK23: ='26 - T4'!$E$22 -> Khai Anh | DL23: ='26 - T4'!$G$22 | DM23: ='26 - T4'!$I$22 | DN23: ='27 - T5'!$E$22 -> Khai Anh | DO23: ='27 - T5'!$G$22 | DP23: ='27 - T5'!$I$22 | DQ23: ='28 - T6'!$E$22 -> Khai Anh | DR23: ='28 - T6'!$G$22 | DS23: ='28 - T6'!$I$22 | DT23: ='29 - T7'!$E$22 -> TÀI XẾ NGHỈ | DU23: ='29 - T7'!$G$22 | DV23: ='29 - T7'!$I$22 | DW23: ='30 - CN'!$E$22 | DX23: ='30 - CN'!$G$22 | DY23: ='30 - CN'!$I$22 | DZ23: ='31 - T2'!$E$22 | EA23: ='31 - T2'!$G$22 | EB23: ='31 - T2'!$I$22
A24: 20 | B24: 63E01132 | C24: =SUM(D24:S24) -> 27 | D24: =COUNTIF($AN24:$EB24,D$2) -> 15 | E24: =COUNTIF($AN24:$EB24,E$2) -> 1 | F24: =COUNTIF($AN24:$EB24,F$2) -> 2 | G24: =COUNTIF($AN24:$EB24,G$2) -> 0 | H24: =COUNTIF($AN24:$EB24,H$2) -> 0 | I24: =COUNTIF($AN24:$EB24,I$2) -> 0 | J24: =COUNTIF($AN24:$EB24,J$2) -> 0 | K24: =COUNTIF($AN24:$EB24,K$2) -> 0 | ... S24: =COUNTIF($AN24:$EB24,S$2) -> 3 | U24: =COUNTIF($AN24:$EB24,U$2) -> 1 | V24: =COUNTIF($AN24:$EB24,V$2) -> 0 | W24: =COUNTIF($AN24:$EB24,W$2) -> 0 | X24: =COUNTIF($AN24:$EB24,X$2) -> 0 | Z24: ='01 - T7'!$N$23+'02 - CN'!$N$23+'03 - T2'!$N$23+'04 - T3'!$N$23+'05 - T4'!$N$23+'06 - T5'!$N$23+'07 - T6'!$N$23+'08 - T7'!$N$23+'09 - CN'!$N$23+'10 - T2'!$N$23+'11 - T3'!$N$23+'12 - T4'!$N$23+'13 - T5'!$N$23+'14 - T6'!$N$23+'15 - T7'!$N$23+'16 - CN'!$N$23+'17 - T2'!$N$23+'18 - T3'!$N$23+'19 - T4'!$N$23+'20 - T5'!$N$23+'21 - T6'!$N$23+'22 - T7'!$N$23+'23 - CN'!$N$23+'24 - T2'!$N$23+'25 - T3'!$N$23+'26 - T4'!$N$23+'27 - T5'!$N$23+'28 - T6'!$N$23+'29 - T7'!$N$23+'30 - CN'!$N$23+'31 - T2'!$N$23 -> 26 | AA24: =IF(B24="","",Z24/31) -> 0.83870968 | AB24: =IF(B24="","",RANK(C24,$C$5:$C$30,0)) -> 9 | AN24: ='01 - T7'!$E$23 -> HDVL | AO24: ='01 - T7'!$G$23 | AP24: ='01 - T7'!$I$23 | AQ24: ='02 - CN'!$E$23 -> Khai Anh | AR24: ='02 - CN'!$G$23 | AS24: ='02 - CN'!$I$23 | AT24: ='03 - T2'!$E$23 -> Khai Anh | AU24: ='03 - T2'!$G$23 | AV24: ='03 - T2'!$I$23 | AW24: ='04 - T3'!$E$23 -> HDVL | AX24: ='04 - T3'!$G$23 | AY24: ='04 - T3'!$I$23 | AZ24: ='05 - T4'!$E$23 -> Khai Anh | BA24: ='05 - T4'!$G$23 | BB24: ='05 - T4'!$I$23 | BC24: ='06 - T5'!$E$23 -> Khai Anh | BD24: ='06 - T5'!$G$23 | BE24: ='06 - T5'!$I$23 | BF24: ='07 - T6'!$E$23 -> Emivest | BG24: ='07 - T6'!$G$23 | BH24: ='07 - T6'!$I$23 | BI24: ='08 - T7'!$E$23 -> Emivest | BJ24: ='08 - T7'!$G$23 -> HDVL | BK24: ='08 - T7'!$I$23 | BL24: ='09 - CN'!$E$23 -> Emivest | BM24: ='09 - CN'!$G$23 | BN24: ='09 - CN'!$I$23 | BO24: ='10 - T2'!$E$23 -> Emivest | BP24: ='10 - T2'!$G$23 | BQ24: ='10 - T2'!$I$23 | BR24: ='11 - T3'!$E$23 -> Emivest | BS24: ='11 - T3'!$G$23 | BT24: ='11 - T3'!$I$23 | BU24: ='12 - T4'!$E$23 -> Emivest | BV24: ='12 - T4'!$G$23 | BW24: ='12 - T4'!$I$23 | BX24: ='13 - T5'!$E$23 -> Khai Anh | BY24: ='13 - T5'!$G$23 | BZ24: ='13 - T5'!$I$23 | CA24: ='14 - T6'!$E$23 -> Khai Anh | CB24: ='14 - T6'!$G$23 | CC24: ='14 - T6'!$I$23 | CD24: ='15 - T7'!$E$23 | CE24: ='15 - T7'!$G$23 | CF24: ='15 - T7'!$I$23 | CG24: ='16 - CN'!$E$23 -> Khai Anh | CH24: ='16 - CN'!$G$23 | CI24: ='16 - CN'!$I$23 | CJ24: ='17 - T2'!$E$23 -> Khai Anh | CK24: ='17 - T2'!$G$23 | CL24: ='17 - T2'!$I$23 | CM24: ='18 - T3'!$E$23 -> Khai Anh | CN24: ='18 - T3'!$G$23 | CO24: ='18 - T3'!$I$23 | CP24: ='19 - T4'!$E$23 -> Kim Bàng | CQ24: ='19 - T4'!$G$23 | CR24: ='19 - T4'!$I$23 | CS24: ='20 - T5'!$E$23 -> Khai Anh | CT24: ='20 - T5'!$G$23 | CU24: ='20 - T5'!$I$23 | CV24: ='21 - T6'!$E$23 -> Khai Anh | CW24: ='21 - T6'!$G$23 | CX24: ='21 - T6'!$I$23 | CY24: ='22 - T7'!$E$23 | CZ24: ='22 - T7'!$G$23 | DA24: ='22 - T7'!$I$23 | DB24: ='23 - CN'!$E$23 -> Khai Anh | DC24: ='23 - CN'!$G$23 | DD24: ='23 - CN'!$I$23 | DE24: ='24 - T2'!$E$23 -> Vưu Đức Phát | DF24: ='24 - T2'!$G$23 | DG24: ='24 - T2'!$I$23 | DH24: ='25 - T3'!$E$23 -> Vưu Đức Phát | DI24: ='25 - T3'!$G$23 | DJ24: ='25 - T3'!$I$23 | DK24: ='26 - T4'!$E$23 -> Khai Anh | DL24: ='26 - T4'!$G$23 | DM24: ='26 - T4'!$I$23 | DN24: ='27 - T5'!$E$23 -> TRỐNG LỊCH | DO24: ='27 - T5'!$G$23 | DP24: ='27 - T5'!$I$23 | DQ24: ='28 - T6'!$E$23 -> Khai Anh | DR24: ='28 - T6'!$G$23 | DS24: ='28 - T6'!$I$23 | DT24: ='29 - T7'!$E$23 -> Khai Anh | DU24: ='29 - T7'!$G$23 | DV24: ='29 - T7'!$I$23 | DW24: ='30 - CN'!$E$23 | DX24: ='30 - CN'!$G$23 | DY24: ='30 - CN'!$I$23 | DZ24: ='31 - T2'!$E$23 | EA24: ='31 - T2'!$G$23 | EB24: ='31 - T2'!$I$23
A25: 21 | B25: 63E01201 | C25: =SUM(D25:S25) -> 29 | D25: =COUNTIF($AN25:$EB25,D$2) -> 17 | E25: =COUNTIF($AN25:$EB25,E$2) -> 0 | F25: =COUNTIF($AN25:$EB25,F$2) -> 4 | G25: =COUNTIF($AN25:$EB25,G$2) -> 0 | H25: =COUNTIF($AN25:$EB25,H$2) -> 0 | I25: =COUNTIF($AN25:$EB25,I$2) -> 0 | J25: =COUNTIF($AN25:$EB25,J$2) -> 0 | K25: =COUNTIF($AN25:$EB25,K$2) -> 0 | ... S25: =COUNTIF($AN25:$EB25,S$2) -> 3 | U25: =COUNTIF($AN25:$EB25,U$2) -> 0 | V25: =COUNTIF($AN25:$EB25,V$2) -> 0 | W25: =COUNTIF($AN25:$EB25,W$2) -> 0 | X25: =COUNTIF($AN25:$EB25,X$2) -> 2 | Z25: ='01 - T7'!$N$24+'02 - CN'!$N$24+'03 - T2'!$N$24+'04 - T3'!$N$24+'05 - T4'!$N$24+'06 - T5'!$N$24+'07 - T6'!$N$24+'08 - T7'!$N$24+'09 - CN'!$N$24+'10 - T2'!$N$24+'11 - T3'!$N$24+'12 - T4'!$N$24+'13 - T5'!$N$24+'14 - T6'!$N$24+'15 - T7'!$N$24+'16 - CN'!$N$24+'17 - T2'!$N$24+'18 - T3'!$N$24+'19 - T4'!$N$24+'20 - T5'!$N$24+'21 - T6'!$N$24+'22 - T7'!$N$24+'23 - CN'!$N$24+'24 - T2'!$N$24+'25 - T3'!$N$24+'26 - T4'!$N$24+'27 - T5'!$N$24+'28 - T6'!$N$24+'29 - T7'!$N$24+'30 - CN'!$N$24+'31 - T2'!$N$24 -> 26 | AA25: =IF(B25="","",Z25/31) -> 0.83870968 | AB25: =IF(B25="","",RANK(C25,$C$5:$C$30,0)) -> 6 | AN25: ='01 - T7'!$E$24 -> HDVL | AO25: ='01 - T7'!$G$24 | AP25: ='01 - T7'!$I$24 | AQ25: ='02 - CN'!$E$24 -> Khai Anh | AR25: ='02 - CN'!$G$24 | AS25: ='02 - CN'!$I$24 | AT25: ='03 - T2'!$E$24 -> Khai Anh | AU25: ='03 - T2'!$G$24 | AV25: ='03 - T2'!$I$24 | AW25: ='04 - T3'!$E$24 -> HDVL | AX25: ='04 - T3'!$G$24 | AY25: ='04 - T3'!$I$24 | AZ25: ='05 - T4'!$E$24 | BA25: ='05 - T4'!$G$24 | BB25: ='05 - T4'!$I$24 | BC25: ='06 - T5'!$E$24 -> HDVL | BD25: ='06 - T5'!$G$24 | BE25: ='06 - T5'!$I$24 | BF25: ='07 - T6'!$E$24 -> Khai Anh | BG25: ='07 - T6'!$G$24 -> Khai Anh | BH25: ='07 - T6'!$I$24 | BI25: ='08 - T7'!$E$24 -> Khai Anh | BJ25: ='08 - T7'!$G$24 | BK25: ='08 - T7'!$I$24 | BL25: ='09 - CN'!$E$24 -> Khai Anh | BM25: ='09 - CN'!$G$24 | BN25: ='09 - CN'!$I$24 | BO25: ='10 - T2'!$E$24 -> Khai Anh | BP25: ='10 - T2'!$G$24 | BQ25: ='10 - T2'!$I$24 | BR25: ='11 - T3'!$E$24 -> Khai Anh | BS25: ='11 - T3'!$G$24 | BT25: ='11 - T3'!$I$24 | BU25: ='12 - T4'!$E$24 -> Khai Anh | BV25: ='12 - T4'!$G$24 | BW25: ='12 - T4'!$I$24 | BX25: ='13 - T5'!$E$24 -> Khai Anh | BY25: ='13 - T5'!$G$24 | BZ25: ='13 - T5'!$I$24 | CA25: ='14 - T6'!$E$24 -> Khai Anh | CB25: ='14 - T6'!$G$24 | CC25: ='14 - T6'!$I$24 | CD25: ='15 - T7'!$E$24 | CE25: ='15 - T7'!$G$24 | CF25: ='15 - T7'!$I$24 | CG25: ='16 - CN'!$E$24 -> Emivest | CH25: ='16 - CN'!$G$24 | CI25: ='16 - CN'!$I$24 | CJ25: ='17 - T2'!$E$24 -> Emivest | CK25: ='17 - T2'!$G$24 -> Emivest | CL25: ='17 - T2'!$I$24 | CM25: ='18 - T3'!$E$24 -> Emivest | CN25: ='18 - T3'!$G$24 | CO25: ='18 - T3'!$I$24 | CP25: ='19 - T4'!$E$24 -> Emivest | CQ25: ='19 - T4'!$G$24 -> Khai Anh | CR25: ='19 - T4'!$I$24 | CS25: ='20 - T5'!$E$24 -> Khai Anh | CT25: ='20 - T5'!$G$24 | CU25: ='20 - T5'!$I$24 | CV25: ='21 - T6'!$E$24 -> Khai Anh | CW25: ='21 - T6'!$G$24 | CX25: ='21 - T6'!$I$24 | CY25: ='22 - T7'!$E$24 -> Khai Anh | CZ25: ='22 - T7'!$G$24 | DA25: ='22 - T7'!$I$24 | DB25: ='23 - CN'!$E$24 -> Vưu Đức Phát | DC25: ='23 - CN'!$G$24 | DD25: ='23 - CN'!$I$24 | DE25: ='24 - T2'!$E$24 -> Khai Anh | DF25: ='24 - T2'!$G$24 | DG25: ='24 - T2'!$I$24 | DH25: ='25 - T3'!$E$24 -> Vưu Đức Phát | DI25: ='25 - T3'!$G$24 | DJ25: ='25 - T3'!$I$24 | DK25: ='26 - T4'!$E$24 -> Vưu Đức Phát | DL25: ='26 - T4'!$G$24 | DM25: ='26 - T4'!$I$24 | DN25: ='27 - T5'!$E$24 -> Khai Anh | DO25: ='27 - T5'!$G$24 | DP25: ='27 - T5'!$I$24 | DQ25: ='28 - T6'!$E$24 -> Vưu Đức Phát | DR25: ='28 - T6'!$G$24 | DS25: ='28 - T6'!$I$24 | DT25: ='29 - T7'!$E$24 -> TÀI XẾ NGHỈ | DU25: ='29 - T7'!$G$24 | DV25: ='29 - T7'!$I$24 | DW25: ='30 - CN'!$E$24 | DX25: ='30 - CN'!$G$24 | DY25: ='30 - CN'!$I$24 | DZ25: ='31 - T2'!$E$24 -> TÀI XẾ NGHỈ | EA25: ='31 - T2'!$G$24 | EB25: ='31 - T2'!$I$24
A26: 22 | B26: 63F00516 | C26: =SUM(D26:S26) -> 18 | D26: =COUNTIF($AN26:$EB26,D$2) -> 12 | E26: =COUNTIF($AN26:$EB26,E$2) -> 0 | F26: =COUNTIF($AN26:$EB26,F$2) -> 3 | G26: =COUNTIF($AN26:$EB26,G$2) -> 0 | H26: =COUNTIF($AN26:$EB26,H$2) -> 0 | I26: =COUNTIF($AN26:$EB26,I$2) -> 0 | J26: =COUNTIF($AN26:$EB26,J$2) -> 1 | K26: =COUNTIF($AN26:$EB26,K$2) -> 0 | ... S26: =COUNTIF($AN26:$EB26,S$2) -> 1 | U26: =COUNTIF($AN26:$EB26,U$2) -> 0 | V26: =COUNTIF($AN26:$EB26,V$2) -> 0 | W26: =COUNTIF($AN26:$EB26,W$2) -> 3 | X26: =COUNTIF($AN26:$EB26,X$2) -> 6 | Z26: ='01 - T7'!$N$25+'02 - CN'!$N$25+'03 - T2'!$N$25+'04 - T3'!$N$25+'05 - T4'!$N$25+'06 - T5'!$N$25+'07 - T6'!$N$25+'08 - T7'!$N$25+'09 - CN'!$N$25+'10 - T2'!$N$25+'11 - T3'!$N$25+'12 - T4'!$N$25+'13 - T5'!$N$25+'14 - T6'!$N$25+'15 - T7'!$N$25+'16 - CN'!$N$25+'17 - T2'!$N$25+'18 - T3'!$N$25+'19 - T4'!$N$25+'20 - T5'!$N$25+'21 - T6'!$N$25+'22 - T7'!$N$25+'23 - CN'!$N$25+'24 - T2'!$N$25+'25 - T3'!$N$25+'26 - T4'!$N$25+'27 - T5'!$N$25+'28 - T6'!$N$25+'29 - T7'!$N$25+'30 - CN'!$N$25+'31 - T2'!$N$25 -> 18 | AA26: =IF(B26="","",Z26/31) -> 0.58064516 | AB26: =IF(B26="","",RANK(C26,$C$5:$C$30,0)) -> 23 | AN26: ='01 - T7'!$E$25 -> TÀI XẾ NGHỈ | AO26: ='01 - T7'!$G$25 | AP26: ='01 - T7'!$I$25 | AQ26: ='02 - CN'!$E$25 -> TÀI XẾ NGHỈ | AR26: ='02 - CN'!$G$25 | AS26: ='02 - CN'!$I$25 | AT26: ='03 - T2'!$E$25 -> TÀI XẾ NGHỈ | AU26: ='03 - T2'!$G$25 | AV26: ='03 - T2'!$I$25 | AW26: ='04 - T3'!$E$25 -> TÀI XẾ NGHỈ | AX26: ='04 - T3'!$G$25 | AY26: ='04 - T3'!$I$25 | AZ26: ='05 - T4'!$E$25 -> TÀI XẾ NGHỈ | BA26: ='05 - T4'!$G$25 | BB26: ='05 - T4'!$I$25 | BC26: ='06 - T5'!$E$25 -> HDVL | BD26: ='06 - T5'!$G$25 | BE26: ='06 - T5'!$I$25 | BF26: ='07 - T6'!$E$25 -> Khai Anh | BG26: ='07 - T6'!$G$25 | BH26: ='07 - T6'!$I$25 | BI26: ='08 - T7'!$E$25 -> Khai Anh | BJ26: ='08 - T7'!$G$25 | BK26: ='08 - T7'!$I$25 | BL26: ='09 - CN'!$E$25 -> RỚT NHÀ MÁY | BM26: ='09 - CN'!$G$25 | BN26: ='09 - CN'!$I$25 | BO26: ='10 - T2'!$E$25 -> Khai Anh | BP26: ='10 - T2'!$G$25 | BQ26: ='10 - T2'!$I$25 | BR26: ='11 - T3'!$E$25 -> Khai Anh | BS26: ='11 - T3'!$G$25 | BT26: ='11 - T3'!$I$25 | BU26: ='12 - T4'!$E$25 -> Khai Anh | BV26: ='12 - T4'!$G$25 | BW26: ='12 - T4'!$I$25 | BX26: ='13 - T5'!$E$25 -> RỚT NHÀ MÁY | BY26: ='13 - T5'!$G$25 | BZ26: ='13 - T5'!$I$25 | CA26: ='14 - T6'!$E$25 -> Khai Anh | CB26: ='14 - T6'!$G$25 | CC26: ='14 - T6'!$I$25 | CD26: ='15 - T7'!$E$25 | CE26: ='15 - T7'!$G$25 | CF26: ='15 - T7'!$I$25 | CG26: ='16 - CN'!$E$25 -> Khai Anh | CH26: ='16 - CN'!$G$25 | CI26: ='16 - CN'!$I$25 | CJ26: ='17 - T2'!$E$25 -> Khai Anh | CK26: ='17 - T2'!$G$25 | CL26: ='17 - T2'!$I$25 | CM26: ='18 - T3'!$E$25 -> RICO | CN26: ='18 - T3'!$G$25 | CO26: ='18 - T3'!$I$25 | CP26: ='19 - T4'!$E$25 -> RỚT NHÀ MÁY | CQ26: ='19 - T4'!$G$25 | CR26: ='19 - T4'!$I$25 | CS26: ='20 - T5'!$E$25 -> Khai Anh | CT26: ='20 - T5'!$G$25 | CU26: ='20 - T5'!$I$25 | CV26: ='21 - T6'!$E$25 -> Khai Anh | CW26: ='21 - T6'!$G$25 | CX26: ='21 - T6'!$I$25 | CY26: ='22 - T7'!$E$25 | CZ26: ='22 - T7'!$G$25 | DA26: ='22 - T7'!$I$25 | DB26: ='23 - CN'!$E$25 -> Khai Anh | DC26: ='23 - CN'!$G$25 | DD26: ='23 - CN'!$I$25 | DE26: ='24 - T2'!$E$25 -> Vưu Đức Phát | DF26: ='24 - T2'!$G$25 | DG26: ='24 - T2'!$I$25 | DH26: ='25 - T3'!$E$25 -> Vưu Đức Phát | DI26: ='25 - T3'!$G$25 | DJ26: ='25 - T3'!$I$25 | DK26: ='26 - T4'!$E$25 -> Vưu Đức Phát | DL26: ='26 - T4'!$G$25 | DM26: ='26 - T4'!$I$25 | DN26: ='27 - T5'!$E$25 -> Khai Anh | DO26: ='27 - T5'!$G$25 | DP26: ='27 - T5'!$I$25 | DQ26: ='28 - T6'!$E$25 -> Thuận An | DR26: ='28 - T6'!$G$25 | DS26: ='28 - T6'!$I$25 | DT26: ='29 - T7'!$E$25 -> TÀI XẾ NGHỈ | DU26: ='29 - T7'!$G$25 | DV26: ='29 - T7'!$I$25 | DW26: ='30 - CN'!$E$25 | DX26: ='30 - CN'!$G$25 | DY26: ='30 - CN'!$I$25 | DZ26: ='31 - T2'!$E$25 | EA26: ='31 - T2'!$G$25 | EB26: ='31 - T2'!$I$25
A27: 23 | B27: 63G00297 | C27: =SUM(D27:S27) -> 23 | D27: =COUNTIF($AN27:$EB27,D$2) -> 17 | E27: =COUNTIF($AN27:$EB27,E$2) -> 0 | F27: =COUNTIF($AN27:$EB27,F$2) -> 1 | G27: =COUNTIF($AN27:$EB27,G$2) -> 0 | H27: =COUNTIF($AN27:$EB27,H$2) -> 0 | I27: =COUNTIF($AN27:$EB27,I$2) -> 0 | J27: =COUNTIF($AN27:$EB27,J$2) -> 2 | K27: =COUNTIF($AN27:$EB27,K$2) -> 0 | ... S27: =COUNTIF($AN27:$EB27,S$2) -> 2 | U27: =COUNTIF($AN27:$EB27,U$2) -> 1 | V27: =COUNTIF($AN27:$EB27,V$2) -> 0 | W27: =COUNTIF($AN27:$EB27,W$2) -> 0 | X27: =COUNTIF($AN27:$EB27,X$2) -> 2 | Z27: ='01 - T7'!$N$26+'02 - CN'!$N$26+'03 - T2'!$N$26+'04 - T3'!$N$26+'05 - T4'!$N$26+'06 - T5'!$N$26+'07 - T6'!$N$26+'08 - T7'!$N$26+'09 - CN'!$N$26+'10 - T2'!$N$26+'11 - T3'!$N$26+'12 - T4'!$N$26+'13 - T5'!$N$26+'14 - T6'!$N$26+'15 - T7'!$N$26+'16 - CN'!$N$26+'17 - T2'!$N$26+'18 - T3'!$N$26+'19 - T4'!$N$26+'20 - T5'!$N$26+'21 - T6'!$N$26+'22 - T7'!$N$26+'23 - CN'!$N$26+'24 - T2'!$N$26+'25 - T3'!$N$26+'26 - T4'!$N$26+'27 - T5'!$N$26+'28 - T6'!$N$26+'29 - T7'!$N$26+'30 - CN'!$N$26+'31 - T2'!$N$26 -> 23 | AA27: =IF(B27="","",Z27/31) -> 0.74193548 | AB27: =IF(B27="","",RANK(C27,$C$5:$C$30,0)) -> 18 | AN27: ='01 - T7'!$E$26 -> TÀI XẾ NGHỈ | AO27: ='01 - T7'!$G$26 | AP27: ='01 - T7'!$I$26 | AQ27: ='02 - CN'!$E$26 -> TÀI XẾ NGHỈ | AR27: ='02 - CN'!$G$26 | AS27: ='02 - CN'!$I$26 | AT27: ='03 - T2'!$E$26 -> Khai Anh | AU27: ='03 - T2'!$G$26 | AV27: ='03 - T2'!$I$26 | AW27: ='04 - T3'!$E$26 -> HDVL | AX27: ='04 - T3'!$G$26 | AY27: ='04 - T3'!$I$26 | AZ27: ='05 - T4'!$E$26 -> HDVL | BA27: ='05 - T4'!$G$26 | BB27: ='05 - T4'!$I$26 | BC27: ='06 - T5'!$E$26 -> Khai Anh | BD27: ='06 - T5'!$G$26 | BE27: ='06 - T5'!$I$26 | BF27: ='07 - T6'!$E$26 -> Khai Anh | BG27: ='07 - T6'!$G$26 | BH27: ='07 - T6'!$I$26 | BI27: ='08 - T7'!$E$26 -> Khai Anh | BJ27: ='08 - T7'!$G$26 | BK27: ='08 - T7'!$I$26 | BL27: ='09 - CN'!$E$26 | BM27: ='09 - CN'!$G$26 | BN27: ='09 - CN'!$I$26 | BO27: ='10 - T2'!$E$26 -> Khai Anh | BP27: ='10 - T2'!$G$26 | BQ27: ='10 - T2'!$I$26 | BR27: ='11 - T3'!$E$26 -> Khai Anh | BS27: ='11 - T3'!$G$26 | BT27: ='11 - T3'!$I$26 | BU27: ='12 - T4'!$E$26 -> Khai Anh | BV27: ='12 - T4'!$G$26 | BW27: ='12 - T4'!$I$26 | BX27: ='13 - T5'!$E$26 -> Khai Anh | BY27: ='13 - T5'!$G$26 | BZ27: ='13 - T5'!$I$26 | CA27: ='14 - T6'!$E$26 -> Khai Anh | CB27: ='14 - T6'!$G$26 | CC27: ='14 - T6'!$I$26 | CD27: ='15 - T7'!$E$26 | CE27: ='15 - T7'!$G$26 | CF27: ='15 - T7'!$I$26 | CG27: ='16 - CN'!$E$26 -> Khai Anh | CH27: ='16 - CN'!$G$26 | CI27: ='16 - CN'!$I$26 | CJ27: ='17 - T2'!$E$26 -> Khai Anh | CK27: ='17 - T2'!$G$26 | CL27: ='17 - T2'!$I$26 | CM27: ='18 - T3'!$E$26 -> Khai Anh | CN27: ='18 - T3'!$G$26 | CO27: ='18 - T3'!$I$26 | CP27: ='19 - T4'!$E$26 -> Khai Anh | CQ27: ='19 - T4'!$G$26 | CR27: ='19 - T4'!$I$26 | CS27: ='20 - T5'!$E$26 -> Khai Anh | CT27: ='20 - T5'!$G$26 | CU27: ='20 - T5'!$I$26 | CV27: ='21 - T6'!$E$26 -> Khai Anh | CW27: ='21 - T6'!$G$26 | CX27: ='21 - T6'!$I$26 | CY27: ='22 - T7'!$E$26 | CZ27: ='22 - T7'!$G$26 | DA27: ='22 - T7'!$I$26 | DB27: ='23 - CN'!$E$26 -> Khai Anh | DC27: ='23 - CN'!$G$26 | DD27: ='23 - CN'!$I$26 | DE27: ='24 - T2'!$E$26 -> Khai Anh | DF27: ='24 - T2'!$G$26 | DG27: ='24 - T2'!$I$26 | DH27: ='25 - T3'!$E$26 -> Vưu Đức Phát | DI27: ='25 - T3'!$G$26 | DJ27: ='25 - T3'!$I$26 | DK27: ='26 - T4'!$E$26 -> Thuận An | DL27: ='26 - T4'!$G$26 | DM27: ='26 - T4'!$I$26 | DN27: ='27 - T5'!$E$26 -> Thuận An | DO27: ='27 - T5'!$G$26 | DP27: ='27 - T5'!$I$26 | DQ27: ='28 - T6'!$E$26 -> TRỐNG LỊCH | DR27: ='28 - T6'!$G$26 | DS27: ='28 - T6'!$I$26 | DT27: ='29 - T7'!$E$26 -> LTP | DU27: ='29 - T7'!$G$26 | DV27: ='29 - T7'!$I$26 | DW27: ='30 - CN'!$E$26 | DX27: ='30 - CN'!$G$26 | DY27: ='30 - CN'!$I$26 | DZ27: ='31 - T2'!$E$26 | EA27: ='31 - T2'!$G$26 | EB27: ='31 - T2'!$I$26
A28: 24 | B28: 63G00280 | C28: =SUM(D28:S28) -> 19 | D28: =COUNTIF($AN28:$EB28,D$2) -> 10 | E28: =COUNTIF($AN28:$EB28,E$2) -> 0 | F28: =COUNTIF($AN28:$EB28,F$2) -> 1 | G28: =COUNTIF($AN28:$EB28,G$2) -> 0 | H28: =COUNTIF($AN28:$EB28,H$2) -> 0 | I28: =COUNTIF($AN28:$EB28,I$2) -> 0 | J28: =COUNTIF($AN28:$EB28,J$2) -> 3 | K28: =COUNTIF($AN28:$EB28,K$2) -> 0 | ... S28: =COUNTIF($AN28:$EB28,S$2) -> 0 | U28: =COUNTIF($AN28:$EB28,U$2) -> 1 | V28: =COUNTIF($AN28:$EB28,V$2) -> 0 | W28: =COUNTIF($AN28:$EB28,W$2) -> 1 | X28: =COUNTIF($AN28:$EB28,X$2) -> 8 | Z28: ='01 - T7'!$N$27+'02 - CN'!$N$27+'03 - T2'!$N$27+'04 - T3'!$N$27+'05 - T4'!$N$27+'06 - T5'!$N$27+'07 - T6'!$N$27+'08 - T7'!$N$27+'09 - CN'!$N$27+'10 - T2'!$N$27+'11 - T3'!$N$27+'12 - T4'!$N$27+'13 - T5'!$N$27+'14 - T6'!$N$27+'15 - T7'!$N$27+'16 - CN'!$N$27+'17 - T2'!$N$27+'18 - T3'!$N$27+'19 - T4'!$N$27+'20 - T5'!$N$27+'21 - T6'!$N$27+'22 - T7'!$N$27+'23 - CN'!$N$27+'24 - T2'!$N$27+'25 - T3'!$N$27+'26 - T4'!$N$27+'27 - T5'!$N$27+'28 - T6'!$N$27+'29 - T7'!$N$27+'30 - CN'!$N$27+'31 - T2'!$N$27 -> 17 | AA28: =IF(B28="","",Z28/31) -> 0.5483871 | AB28: =IF(B28="","",RANK(C28,$C$5:$C$30,0)) -> 22 | AN28: ='01 - T7'!$E$27 -> TÀI XẾ NGHỈ | AO28: ='01 - T7'!$G$27 | AP28: ='01 - T7'!$I$27 | AQ28: ='02 - CN'!$E$27 -> TÀI XẾ NGHỈ | AR28: ='02 - CN'!$G$27 | AS28: ='02 - CN'!$I$27 | AT28: ='03 - T2'!$E$27 -> TÀI XẾ NGHỈ | AU28: ='03 - T2'!$G$27 | AV28: ='03 - T2'!$I$27 | AW28: ='04 - T3'!$E$27 -> TÀI XẾ NGHỈ | AX28: ='04 - T3'!$G$27 | AY28: ='04 - T3'!$I$27 | AZ28: ='05 - T4'!$E$27 -> TÀI XẾ NGHỈ | BA28: ='05 - T4'!$G$27 | BB28: ='05 - T4'!$I$27 | BC28: ='06 - T5'!$E$27 -> TÀI XẾ NGHỈ | BD28: ='06 - T5'!$G$27 | BE28: ='06 - T5'!$I$27 | BF28: ='07 - T6'!$E$27 -> TÀI XẾ NGHỈ | BG28: ='07 - T6'!$G$27 | BH28: ='07 - T6'!$I$27 | BI28: ='08 - T7'!$E$27 -> TÀI XẾ NGHỈ | BJ28: ='08 - T7'!$G$27 | BK28: ='08 - T7'!$I$27 | BL28: ='09 - CN'!$E$27 -> Khai Anh | BM28: ='09 - CN'!$G$27 | BN28: ='09 - CN'!$I$27 | BO28: ='10 - T2'!$E$27 -> Khai Anh | BP28: ='10 - T2'!$G$27 | BQ28: ='10 - T2'!$I$27 | BR28: ='11 - T3'!$E$27 -> Khai Anh | BS28: ='11 - T3'!$G$27 | BT28: ='11 - T3'!$I$27 | BU28: ='12 - T4'!$E$27 -> Khai Anh | BV28: ='12 - T4'!$G$27 | BW28: ='12 - T4'!$I$27 | BX28: ='13 - T5'!$E$27 -> Khai Anh | BY28: ='13 - T5'!$G$27 | BZ28: ='13 - T5'!$I$27 | CA28: ='14 - T6'!$E$27 -> RỚT NHÀ MÁY | CB28: ='14 - T6'!$G$27 | CC28: ='14 - T6'!$I$27 | CD28: ='15 - T7'!$E$27 | CE28: ='15 - T7'!$G$27 | CF28: ='15 - T7'!$I$27 | CG28: ='16 - CN'!$E$27 -> Emivest | CH28: ='16 - CN'!$G$27 | CI28: ='16 - CN'!$I$27 | CJ28: ='17 - T2'!$E$27 -> Emivest | CK28: ='17 - T2'!$G$27 -> Emivest | CL28: ='17 - T2'!$I$27 | CM28: ='18 - T3'!$E$27 -> Emivest | CN28: ='18 - T3'!$G$27 | CO28: ='18 - T3'!$I$27 | CP28: ='19 - T4'!$E$27 -> Emivest | CQ28: ='19 - T4'!$G$27 -> Khai Anh | CR28: ='19 - T4'!$I$27 | CS28: ='20 - T5'!$E$27 -> Khai Anh | CT28: ='20 - T5'!$G$27 | CU28: ='20 - T5'!$I$27 | CV28: ='21 - T6'!$E$27 -> Khai Anh | CW28: ='21 - T6'!$G$27 | CX28: ='21 - T6'!$I$27 | CY28: ='22 - T7'!$E$27 | CZ28: ='22 - T7'!$G$27 | DA28: ='22 - T7'!$I$27 | DB28: ='23 - CN'!$E$27 -> Khai Anh | DC28: ='23 - CN'!$G$27 | DD28: ='23 - CN'!$I$27 | DE28: ='24 - T2'!$E$27 -> Vưu Đức Phát | DF28: ='24 - T2'!$G$27 | DG28: ='24 - T2'!$I$27 | DH28: ='25 - T3'!$E$27 -> Khai Anh | DI28: ='25 - T3'!$G$27 | DJ28: ='25 - T3'!$I$27 | DK28: ='26 - T4'!$E$27 -> Thuận An | DL28: ='26 - T4'!$G$27 | DM28: ='26 - T4'!$I$27 | DN28: ='27 - T5'!$E$27 -> Thuận An | DO28: ='27 - T5'!$G$27 | DP28: ='27 - T5'!$I$27 | DQ28: ='28 - T6'!$E$27 -> TRỐNG LỊCH | DR28: ='28 - T6'!$G$27 | DS28: ='28 - T6'!$I$27 | DT28: ='29 - T7'!$E$27 -> Thuận An | DU28: ='29 - T7'!$G$27 | DV28: ='29 - T7'!$I$27 | DW28: ='30 - CN'!$E$27 | DX28: ='30 - CN'!$G$27 | DY28: ='30 - CN'!$I$27 | DZ28: ='31 - T2'!$E$27 | EA28: ='31 - T2'!$G$27 | EB28: ='31 - T2'!$I$27
A29: 25 | B29: 66H08348 | C29: =SUM(D29:S29) -> 26 | D29: =COUNTIF($AN29:$EB29,D$2) -> 18 | E29: =COUNTIF($AN29:$EB29,E$2) -> 0 | F29: =COUNTIF($AN29:$EB29,F$2) -> 2 | G29: =COUNTIF($AN29:$EB29,G$2) -> 0 | H29: =COUNTIF($AN29:$EB29,H$2) -> 0 | I29: =COUNTIF($AN29:$EB29,I$2) -> 0 | J29: =COUNTIF($AN29:$EB29,J$2) -> 1 | K29: =COUNTIF($AN29:$EB29,K$2) -> 0 | ... S29: =COUNTIF($AN29:$EB29,S$2) -> 1 | U29: =COUNTIF($AN29:$EB29,U$2) -> 1 | V29: =COUNTIF($AN29:$EB29,V$2) -> 0 | W29: =COUNTIF($AN29:$EB29,W$2) -> 2 | X29: =COUNTIF($AN29:$EB29,X$2) -> 0 | Z29: ='01 - T7'!$N$28+'02 - CN'!$N$28+'03 - T2'!$N$28+'04 - T3'!$N$28+'05 - T4'!$N$28+'06 - T5'!$N$28+'07 - T6'!$N$28+'08 - T7'!$N$28+'09 - CN'!$N$28+'10 - T2'!$N$28+'11 - T3'!$N$28+'12 - T4'!$N$28+'13 - T5'!$N$28+'14 - T6'!$N$28+'15 - T7'!$N$28+'16 - CN'!$N$28+'17 - T2'!$N$28+'18 - T3'!$N$28+'19 - T4'!$N$28+'20 - T5'!$N$28+'21 - T6'!$N$28+'22 - T7'!$N$28+'23 - CN'!$N$28+'24 - T2'!$N$28+'25 - T3'!$N$28+'26 - T4'!$N$28+'27 - T5'!$N$28+'28 - T6'!$N$28+'29 - T7'!$N$28+'30 - CN'!$N$28+'31 - T2'!$N$28 -> 24 | AA29: =IF(B29="","",Z29/31) -> 0.77419355 | AB29: =IF(B29="","",RANK(C29,$C$5:$C$30,0)) -> 13 | AN29: ='01 - T7'!$E$28 -> Khai Anh | AO29: ='01 - T7'!$G$28 | AP29: ='01 - T7'!$I$28 | AQ29: ='02 - CN'!$E$28 -> Khai Anh | AR29: ='02 - CN'!$G$28 | AS29: ='02 - CN'!$I$28 | AT29: ='03 - T2'!$E$28 -> Khai Anh | AU29: ='03 - T2'!$G$28 | AV29: ='03 - T2'!$I$28 | AW29: ='04 - T3'!$E$28 -> Khai Anh | AX29: ='04 - T3'!$G$28 | AY29: ='04 - T3'!$I$28 | AZ29: ='05 - T4'!$E$28 -> HDVL | BA29: ='05 - T4'!$G$28 | BB29: ='05 - T4'!$I$28 | BC29: ='06 - T5'!$E$28 -> Khai Anh | BD29: ='06 - T5'!$G$28 | BE29: ='06 - T5'!$I$28 | BF29: ='07 - T6'!$E$28 -> Hoàng Mạnh Thắng | BG29: ='07 - T6'!$G$28 | BH29: ='07 - T6'!$I$28 | BI29: ='08 - T7'!$E$28 -> Khai Anh | BJ29: ='08 - T7'!$G$28 | BK29: ='08 - T7'!$I$28 | BL29: ='09 - CN'!$E$28 -> RỚT NHÀ MÁY | BM29: ='09 - CN'!$G$28 | BN29: ='09 - CN'!$I$28 | BO29: ='10 - T2'!$E$28 -> Khai Anh | BP29: ='10 - T2'!$G$28 -> Khai Anh | BQ29: ='10 - T2'!$I$28 | BR29: ='11 - T3'!$E$28 -> Khai Anh | BS29: ='11 - T3'!$G$28 | BT29: ='11 - T3'!$I$28 | BU29: ='12 - T4'!$E$28 -> Khai Anh | BV29: ='12 - T4'!$G$28 | BW29: ='12 - T4'!$I$28 | BX29: ='13 - T5'!$E$28 -> RỚT NHÀ MÁY | BY29: ='13 - T5'!$G$28 | BZ29: ='13 - T5'!$I$28 | CA29: ='14 - T6'!$E$28 -> Khai Anh | CB29: ='14 - T6'!$G$28 | CC29: ='14 - T6'!$I$28 | CD29: ='15 - T7'!$E$28 | CE29: ='15 - T7'!$G$28 | CF29: ='15 - T7'!$I$28 | CG29: ='16 - CN'!$E$28 -> Emivest | CH29: ='16 - CN'!$G$28 | CI29: ='16 - CN'!$I$28 | CJ29: ='17 - T2'!$E$28 -> Emivest | CK29: ='17 - T2'!$G$28 -> Emivest | CL29: ='17 - T2'!$I$28 | CM29: ='18 - T3'!$E$28 -> Khai Anh | CN29: ='18 - T3'!$G$28 | CO29: ='18 - T3'!$I$28 | CP29: ='19 - T4'!$E$28 -> Khai Anh | CQ29: ='19 - T4'!$G$28 | CR29: ='19 - T4'!$I$28 | CS29: ='20 - T5'!$E$28 -> Khai Anh | CT29: ='20 - T5'!$G$28 | CU29: ='20 - T5'!$I$28 | CV29: ='21 - T6'!$E$28 -> Khai Anh | CW29: ='21 - T6'!$G$28 | CX29: ='21 - T6'!$I$28 | CY29: ='22 - T7'!$E$28 | CZ29: ='22 - T7'!$G$28 | DA29: ='22 - T7'!$I$28 | DB29: ='23 - CN'!$E$28 -> Khai Anh | DC29: ='23 - CN'!$G$28 | DD29: ='23 - CN'!$I$28 | DE29: ='24 - T2'!$E$28 -> Vưu Đức Phát | DF29: ='24 - T2'!$G$28 | DG29: ='24 - T2'!$I$28 | DH29: ='25 - T3'!$E$28 -> Khai Anh | DI29: ='25 - T3'!$G$28 | DJ29: ='25 - T3'!$I$28 | DK29: ='26 - T4'!$E$28 -> TRỐNG LỊCH | DL29: ='26 - T4'!$G$28 | DM29: ='26 - T4'!$I$28 | DN29: ='27 - T5'!$E$28 -> Thuận An | DO29: ='27 - T5'!$G$28 | DP29: ='27 - T5'!$I$28 | DQ29: ='28 - T6'!$E$28 -> Vưu Đức Phát | DR29: ='28 - T6'!$G$28 | DS29: ='28 - T6'!$I$28 | DT29: ='29 - T7'!$E$28 -> Khai Anh | DU29: ='29 - T7'!$G$28 | DV29: ='29 - T7'!$I$28 | DW29: ='30 - CN'!$E$28 | DX29: ='30 - CN'!$G$28 | DY29: ='30 - CN'!$I$28 | DZ29: ='31 - T2'!$E$28 | EA29: ='31 - T2'!$G$28 | EB29: ='31 - T2'!$I$28
C30: =SUM(D30:S30) -> 0 | D30: =COUNTIF($AN30:$EB30,D$2) -> 0 | E30: =COUNTIF($AN30:$EB30,E$2) -> 0 | F30: =COUNTIF($AN30:$EB30,F$2) -> 0 | G30: =COUNTIF($AN30:$EB30,G$2) -> 0 | H30: =COUNTIF($AN30:$EB30,H$2) -> 0 | I30: =COUNTIF($AN30:$EB30,I$2) -> 0 | J30: =COUNTIF($AN30:$EB30,J$2) -> 0 | K30: =COUNTIF($AN30:$EB30,K$2) -> 0 | ... S30: =COUNTIF($AN30:$EB30,S$2) -> 0 | U30: =COUNTIF($AN30:$EB30,U$2) -> 0 | V30: =COUNTIF($AN30:$EB30,V$2) -> 0 | W30: =COUNTIF($AN30:$EB30,W$2) -> 0 | X30: =COUNTIF($AN30:$EB30,X$2) -> 0 | Z30: ='01 - T7'!$N$29+'02 - CN'!$N$29+'03 - T2'!$N$29+'04 - T3'!$N$29+'05 - T4'!$N$29+'06 - T5'!$N$29+'07 - T6'!$N$29+'08 - T7'!$N$29+'09 - CN'!$N$29+'10 - T2'!$N$29+'11 - T3'!$N$29+'12 - T4'!$N$29+'13 - T5'!$N$29+'14 - T6'!$N$29+'15 - T7'!$N$29+'16 - CN'!$N$29+'17 - T2'!$N$29+'18 - T3'!$N$29+'19 - T4'!$N$29+'20 - T5'!$N$29+'21 - T6'!$N$29+'22 - T7'!$N$29+'23 - CN'!$N$29+'24 - T2'!$N$29+'25 - T3'!$N$29+'26 - T4'!$N$29+'27 - T5'!$N$29+'28 - T6'!$N$29+'29 - T7'!$N$29+'30 - CN'!$N$29+'31 - T2'!$N$29 -> 0 | AA30: =IF(B30="","",Z30/31) | AB30: =IF(B30="","",RANK(C30,$C$5:$C$30,0)) | AN30: ='01 - T7'!$E$29 | AO30: ='01 - T7'!$G$29 | AP30: ='01 - T7'!$I$29 | AQ30: ='02 - CN'!$E$29 | AR30: ='02 - CN'!$G$29 | AS30: ='02 - CN'!$I$29 | AT30: ='03 - T2'!$E$29 | AU30: ='03 - T2'!$G$29 | AV30: ='03 - T2'!$I$29 | AW30: ='04 - T3'!$E$29 | AX30: ='04 - T3'!$G$29 | AY30: ='04 - T3'!$I$29 | AZ30: ='05 - T4'!$E$29 | BA30: ='05 - T4'!$G$29 | BB30: ='05 - T4'!$I$29 | BC30: ='06 - T5'!$E$29 | BD30: ='06 - T5'!$G$29 | BE30: ='06 - T5'!$I$29 | BF30: ='07 - T6'!$E$29 | BG30: ='07 - T6'!$G$29 | BH30: ='07 - T6'!$I$29 | BI30: ='08 - T7'!$E$29 | BJ30: ='08 - T7'!$G$29 | BK30: ='08 - T7'!$I$29 | BL30: ='09 - CN'!$E$29 | BM30: ='09 - CN'!$G$29 | BN30: ='09 - CN'!$I$29 | BO30: ='10 - T2'!$E$29 | BP30: ='10 - T2'!$G$29 | BQ30: ='10 - T2'!$I$29 | BR30: ='11 - T3'!$E$29 | BS30: ='11 - T3'!$G$29 | BT30: ='11 - T3'!$I$29 | BU30: ='12 - T4'!$E$29 | BV30: ='12 - T4'!$G$29 | BW30: ='12 - T4'!$I$29 | BX30: ='13 - T5'!$E$29 | BY30: ='13 - T5'!$G$29 | BZ30: ='13 - T5'!$I$29 | CA30: ='14 - T6'!$E$29 | CB30: ='14 - T6'!$G$29 | CC30: ='14 - T6'!$I$29 | CD30: ='15 - T7'!$E$29 | CE30: ='15 - T7'!$G$29 | CF30: ='15 - T7'!$I$29 | CG30: ='16 - CN'!$E$29 | CH30: ='16 - CN'!$G$29 | CI30: ='16 - CN'!$I$29 | CJ30: ='17 - T2'!$E$29 | CK30: ='17 - T2'!$G$29 | CL30: ='17 - T2'!$I$29 | CM30: ='18 - T3'!$E$29 | CN30: ='18 - T3'!$G$29 | CO30: ='18 - T3'!$I$29 | CP30: ='19 - T4'!$E$29 | CQ30: ='19 - T4'!$G$29 | CR30: ='19 - T4'!$I$29 | CS30: ='20 - T5'!$E$29 | CT30: ='20 - T5'!$G$29 | CU30: ='20 - T5'!$I$29 | CV30: ='21 - T6'!$E$29 | CW30: ='21 - T6'!$G$29 | CX30: ='21 - T6'!$I$29 | CY30: ='22 - T7'!$E$29 | CZ30: ='22 - T7'!$G$29 | DA30: ='22 - T7'!$I$29 | DB30: ='23 - CN'!$E$29 | DC30: ='23 - CN'!$G$29 | DD30: ='23 - CN'!$I$29 | DE30: ='24 - T2'!$E$29 | DF30: ='24 - T2'!$G$29 | DG30: ='24 - T2'!$I$29 | DH30: ='25 - T3'!$E$29 | DI30: ='25 - T3'!$G$29 | DJ30: ='25 - T3'!$I$29 | DK30: ='26 - T4'!$E$29 | DL30: ='26 - T4'!$G$29 | DM30: ='26 - T4'!$I$29 | DN30: ='27 - T5'!$E$29 | DO30: ='27 - T5'!$G$29 | DP30: ='27 - T5'!$I$29 | DQ30: ='28 - T6'!$E$29 | DR30: ='28 - T6'!$G$29 | DS30: ='28 - T6'!$I$29 | DT30: ='29 - T7'!$E$29 | DU30: ='29 - T7'!$G$29 | DV30: ='29 - T7'!$I$29 | DW30: ='30 - CN'!$E$29 | DX30: ='30 - CN'!$G$29 | DY30: ='30 - CN'!$I$29 | DZ30: ='31 - T2'!$E$29 | EA30: ='31 - T2'!$G$29 | EB30: ='31 - T2'!$I$29
A33: TỔNG THEO LOẠI HÀNG
A34: Loại hàng | B34: Số chuyến | C34: %
A35: Bắp | B35: =COUNTIF('01 - T7'!$D$3:$D$17,A35)+COUNTIF('01 - T7'!$F$3:$F$17,A35)+COUNTIF('01 - T7'!$H$3:$H$17,A35)+COUNTIF('01 - T7'!$D$19:$D$29,A35)+COUNTIF('01 - T7'!$F$19:$F$29,A35)+COUNTIF('01 - T7'!$H$19:$H$29,A35)+COUNTIF('02 - CN'!$D$3:$D$17,A35)+COUNTIF('02 - CN'!$F$3:$F$17,A35)+COUNTIF('02 - CN'!$H$3:$H$17,A35)+COUNTIF('02 - CN'!$D$19:$D$29,A35)+COUNTIF('02 - CN'!$F$19:$F$29,A35)+COUNTIF('02 - CN'!$H$19:$H$29,A35)+COUNTIF('03 - T2'!$D$3:$D$17,A35)+COUNTIF('03 - T2'!$F$3:$F$17,A35)+COUNTIF('03 - T2'!$H$3:$H$17,A35)+COUNTIF('03 - T2'!$D$19:$D$29,A35)+COUNTIF('03 - T2'!$F$19:$F$29,A35)+COUNTIF('03 - T2'!$H$19:$H$29,A35)+COUNTIF('04 - T3'!$D$3:$D$17,A35)+COUNTIF('04 - T3'!$F$3:$F$17,A35)+COUNTIF('04 - T3'!$H$3:$H$17,A35)+COUNTIF('04 - T3'!$D$19:$D$29,A35)+COUNTIF('04 - T3'!$F$19:$F$29,A35)+COUNTIF('04 - T3'!$H$19:$H$29,A35)+COUNTIF('05 - T4'!$D$3:$D$17,A35)+COUNTIF('05 - T4'!$F$3:$F$17,A35)+COUNTIF('05 - T4'!$H$3:$H$17,A35)+COUNTIF('05 - T4'!$D$19:$D$29,A35)+COUNTIF('05 - T4'!$F$19:$F$29,A35)+COUNTIF('05 - T4'!$H$19:$H$29,A35)+COUNTIF('06 - T5'!$D$3:$D$17,A35)+COUNTIF('06 - T5'!$F$3:$F$17,A35)+COUNTIF('06 - T5'!$H$3:$H$17,A35)+COUNTIF('06 - T5'!$D$19:$D$29,A35)+COUNTIF('06 - T5'!$F$19:$F$29,A35)+COUNTIF('06 - T5'!$H$19:$H$29,A35)+COUNTIF('07 - T6'!$D$3:$D$17,A35)+COUNTIF('07 - T6'!$F$3:$F$17,A35)+COUNTIF('07 - T6'!$H$3:$H$17,A35)+COUNTIF('07 - T6'!$D$19:$D$29,A35)+COUNTIF('07 - T6'!$F$19:$F$29,A35)+COUNTIF('07 - T6'!$H$19:$H$29,A35)+COUNTIF('08 - T7'!$D$3:$D$17,A35)+COUNTIF('08 - T7'!$F$3:$F$17,A35)+COUNTIF('08 - T7'!$H$3:$H$17,A35)+COUNTIF('08 - T7'!$D$19:$D$29,A35)+COUNTIF('08 - T7'!$F$19:$F$29,A35)+COUNTIF('08 - T7'!$H$19:$H$29,A35)+COUNTIF('09 - CN'!$D$3:$D$17,A35)+COUNTIF('09 - CN'!$F$3:$F$17,A35)+COUNTIF('09 - CN'!$H$3:$H$17,A35)+COUNTIF('09 - CN'!$D$19:$D$29,A35)+COUNTIF('09 - CN'!$F$19:$F$29,A35)+COUNTIF('09 - CN'!$H$19:$H$29,A35)+COUNTIF('10 - T2'!$D$3:$D$17,A35)+COUNTIF('10 - T2'!$F$3:$F$17,A35)+COUNTIF('10 - T2'!$H$3:$H$17,A35)+COUNTIF('10 - T2'!$D$19:$D$29,A35)+COUNTIF('10 - T2'!$F$19:$F$29,A35)+COUNTIF('10 - T2'!$H$19:$H$29,A35)+COUNTIF('11 - T3'!$D$3:$D$17,A35)+COUNTIF('11 - T3'!$F$3:$F$17,A35)+COUNTIF('11 - T3'!$H$3:$H$17,A35)+COUNTIF('11 - T3'!$D$19:$D$29,A35)+COUNTIF('11 - T3'!$F$19:$F$29,A35)+COUNTIF('11 - T3'!$H$19:$H$29,A35)+COUNTIF('12 - T4'!$D$3:$D$17,A35)+COUNTIF('12 - T4'!$F$3:$F$17,A35)+COUNTIF('12 - T4'!$H$3:$H$17,A35)+COUNTIF('12 - T4'!$D$19:$D$29,A35)+COUNTIF('12 - T4'!$F$19:$F$29,A35)+COUNTIF('12 - T4'!$H$19:$H$29,A35)+COUNTIF('13 - T5'!$D$3:$D$17,A35)+COUNTIF('13 - T5'!$F$3:$F$17,A35)+COUNTIF('13 - T5'!$H$3:$H$17,A35)+COUNTIF('13 - T5'!$D$19:$D$29,A35)+COUNTIF('13 - T5'!$F$19:$F$29,A35)+COUNTIF('13 - T5'!$H$19:$H$29,A35)+COUNTIF('14 - T6'!$D$3:$D$17,A35)+COUNTIF('14 - T6'!$F$3:$F$17,A35)+COUNTIF('14 - T6'!$H$3:$H$17,A35)+COUNTIF('14 - T6'!$D$19:$D$29,A35)+COUNTIF('14 - T6'!$F$19:$F$29,A35)+COUNTIF('14 - T6'!$H$19:$H$29,A35)+COUNTIF('15 - T7'!$D$3:$D$17,A35)+COUNTIF('15 - T7'!$F$3:$F$17,A35)+COUNTIF('15 - T7'!$H$3:$H$17,A35)+COUNTIF('15 - T7'!$D$19:$D$29,A35)+COUNTIF('15 - T7'!$F$19:$F$29,A35)+COUNTIF('15 - T7'!$H$19:$H$29,A35)+COUNTIF('16 - CN'!$D$3:$D$17,A35)+COUNTIF('16 - CN'!$F$3:$F$17,A35)+COUNTIF('16 - CN'!$H$3:$H$17,A35)+COUNTIF('16 - CN'!$D$19:$D$29,A35)+COUNTIF('16 - CN'!$F$19:$F$29,A35)+COUNTIF('16 - CN'!$H$19:$H$29,A35)+COUNTIF('17 - T2'!$D$3:$D$17,A35)+COUNTIF('17 - T2'!$F$3:$F$17,A35)+COUNTIF('17 - T2'!$H$3:$H$17,A35)+COUNTIF('17 - T2'!$D$19:$D$29,A35)+COUNTIF('17 - T2'!$F$19:$F$29,A35)+COUNTIF('17 - T2'!$H$19:$H$29,A35)+COUNTIF('18 - T3'!$D$3:$D$17,A35)+COUNTIF('18 - T3'!$F$3:$F$17,A35)+COUNTIF('18 - T3'!$H$3:$H$17,A35)+COUNTIF('18 - T3'!$D$19:$D$29,A35)+COUNTIF('18 - T3'!$F$19:$F$29,A35)+COUNTIF('18 - T3'!$H$19:$H$29,A35)+COUNTIF('19 - T4'!$D$3:$D$17,A35)+COUNTIF('19 - T4'!$F$3:$F$17,A35)+COUNTIF('19 - T4'!$H$3:$H$17,A35)+COUNTIF('19 - T4'!$D$19:$D$29,A35)+COUNTIF('19 - T4'!$F$19:$F$29,A35)+COUNTIF('19 - T4'!$H$19:$H$29,A35)+COUNTIF('20 - T5'!$D$3:$D$17,A35)+COUNTIF('20 - T5'!$F$3:$F$17,A35)+COUNTIF('20 - T5'!$H$3:$H$17,A35)+COUNTIF('20 - T5'!$D$19:$D$29,A35)+COUNTIF('20 - T5'!$F$19:$F$29,A35)+COUNTIF('20 - T5'!$H$19:$H$29,A35)+COUNTIF('21 - T6'!$D$3:$D$17,A35)+COUNTIF('21 - T6'!$F$3:$F$17,A35)+COUNTIF('21 - T6'!$H$3:$H$17,A35)+COUNTIF('21 - T6'!$D$19:$D$29,A35)+COUNTIF('21 - T6'!$F$19:$F$29,A35)+COUNTIF('21 - T6'!$H$19:$H$29,A35)+COUNTIF('22 - T7'!$D$3:$D$17,A35)+COUNTIF('22 - T7'!$F$3:$F$17,A35)+COUNTIF('22 - T7'!$H$3:$H$17,A35)+COUNTIF('22 - T7'!$D$19:$D$29,A35)+COUNTIF('22 - T7'!$F$19:$F$29,A35)+COUNTIF('22 - T7'!$H$19:$H$29,A35)+COUNTIF('23 - CN'!$D$3:$D$17,A35)+COUNTIF('23 - CN'!$F$3:$F$17,A35)+COUNTIF('23 - CN'!$H$3:$H$17,A35)+COUNTIF('23 - CN'!$D$19:$D$29,A35)+COUNTIF('23 - CN'!$F$19:$F$29,A35)+COUNTIF('23 - CN'!$H$19:$H$29,A35)+COUNTIF('24 - T2'!$D$3:$D$17,A35)+COUNTIF('24 - T2'!$F$3:$F$17,A35)+COUNTIF('24 - T2'!$H$3:$H$17,A35)+COUNTIF('24 - T2'!$D$19:$D$29,A35)+COUNTIF('24 - T2'!$F$19:$F$29,A35)+COUNTIF('24 - T2'!$H$19:$H$29,A35)+COUNTIF('25 - T3'!$D$3:$D$17,A35)+COUNTIF('25 - T3'!$F$3:$F$17,A35)+COUNTIF('25 - T3'!$H$3:$H$17,A35)+COUNTIF('25 - T3'!$D$19:$D$29,A35)+COUNTIF('25 - T3'!$F$19:$F$29,A35)+COUNTIF('25 - T3'!$H$19:$H$29,A35)+COUNTIF('26 - T4'!$D$3:$D$17,A35)+COUNTIF('26 - T4'!$F$3:$F$17,A35)+COUNTIF('26 - T4'!$H$3:$H$17,A35)+COUNTIF('26 - T4'!$D$19:$D$29,A35)+COUNTIF('26 - T4'!$F$19:$F$29,A35)+COUNTIF('26 - T4'!$H$19:$H$29,A35)+COUNTIF('27 - T5'!$D$3:$D$17,A35)+COUNTIF('27 - T5'!$F$3:$F$17,A35)+COUNTIF('27 - T5'!$H$3:$H$17,A35)+COUNTIF('27 - T5'!$D$19:$D$29,A35)+COUNTIF('27 - T5'!$F$19:$F$29,A35)+COUNTIF('27 - T5'!$H$19:$H$29,A35)+COUNTIF('28 - T6'!$D$3:$D$17,A35)+COUNTIF('28 - T6'!$F$3:$F$17,A35)+COUNTIF('28 - T6'!$H$3:$H$17,A35)+COUNTIF('28 - T6'!$D$19:$D$29,A35)+COUNTIF('28 - T6'!$F$19:$F$29,A35)+COUNTIF('28 - T6'!$H$19:$H$29,A35)+COUNTIF('29 - T7'!$D$3:$D$17,A35)+COUNTIF('29 - T7'!$F$3:$F$17,A35)+COUNTIF('29 - T7'!$H$3:$H$17,A35)+COUNTIF('29 - T7'!$D$19:$D$29,A35)+COUNTIF('29 - T7'!$F$19:$F$29,A35)+COUNTIF('29 - T7'!$H$19:$H$29,A35)+COUNTIF('30 - CN'!$D$3:$D$17,A35)+COUNTIF('30 - CN'!$F$3:$F$17,A35)+COUNTIF('30 - CN'!$H$3:$H$17,A35)+COUNTIF('30 - CN'!$D$19:$D$29,A35)+COUNTIF('30 - CN'!$F$19:$F$29,A35)+COUNTIF('30 - CN'!$H$19:$H$29,A35)+COUNTIF('31 - T2'!$D$3:$D$17,A35)+COUNTIF('31 - T2'!$F$3:$F$17,A35)+COUNTIF('31 - T2'!$H$3:$H$17,A35)+COUNTIF('31 - T2'!$D$19:$D$29,A35)+COUNTIF('31 - T2'!$F$19:$F$29,A35)+COUNTIF('31 - T2'!$H$19:$H$29,A35) -> 136 | C35: =IF($B$42=0,"",B35/$B$42) -> 0.22934233
A36: Bã nành | B36: =COUNTIF('01 - T7'!$D$3:$D$17,A36)+COUNTIF('01 - T7'!$F$3:$F$17,A36)+COUNTIF('01 - T7'!$H$3:$H$17,A36)+COUNTIF('01 - T7'!$D$19:$D$29,A36)+COUNTIF('01 - T7'!$F$19:$F$29,A36)+COUNTIF('01 - T7'!$H$19:$H$29,A36)+COUNTIF('02 - CN'!$D$3:$D$17,A36)+COUNTIF('02 - CN'!$F$3:$F$17,A36)+COUNTIF('02 - CN'!$H$3:$H$17,A36)+COUNTIF('02 - CN'!$D$19:$D$29,A36)+COUNTIF('02 - CN'!$F$19:$F$29,A36)+COUNTIF('02 - CN'!$H$19:$H$29,A36)+COUNTIF('03 - T2'!$D$3:$D$17,A36)+COUNTIF('03 - T2'!$F$3:$F$17,A36)+COUNTIF('03 - T2'!$H$3:$H$17,A36)+COUNTIF('03 - T2'!$D$19:$D$29,A36)+COUNTIF('03 - T2'!$F$19:$F$29,A36)+COUNTIF('03 - T2'!$H$19:$H$29,A36)+COUNTIF('04 - T3'!$D$3:$D$17,A36)+COUNTIF('04 - T3'!$F$3:$F$17,A36)+COUNTIF('04 - T3'!$H$3:$H$17,A36)+COUNTIF('04 - T3'!$D$19:$D$29,A36)+COUNTIF('04 - T3'!$F$19:$F$29,A36)+COUNTIF('04 - T3'!$H$19:$H$29,A36)+COUNTIF('05 - T4'!$D$3:$D$17,A36)+COUNTIF('05 - T4'!$F$3:$F$17,A36)+COUNTIF('05 - T4'!$H$3:$H$17,A36)+COUNTIF('05 - T4'!$D$19:$D$29,A36)+COUNTIF('05 - T4'!$F$19:$F$29,A36)+COUNTIF('05 - T4'!$H$19:$H$29,A36)+COUNTIF('06 - T5'!$D$3:$D$17,A36)+COUNTIF('06 - T5'!$F$3:$F$17,A36)+COUNTIF('06 - T5'!$H$3:$H$17,A36)+COUNTIF('06 - T5'!$D$19:$D$29,A36)+COUNTIF('06 - T5'!$F$19:$F$29,A36)+COUNTIF('06 - T5'!$H$19:$H$29,A36)+COUNTIF('07 - T6'!$D$3:$D$17,A36)+COUNTIF('07 - T6'!$F$3:$F$17,A36)+COUNTIF('07 - T6'!$H$3:$H$17,A36)+COUNTIF('07 - T6'!$D$19:$D$29,A36)+COUNTIF('07 - T6'!$F$19:$F$29,A36)+COUNTIF('07 - T6'!$H$19:$H$29,A36)+COUNTIF('08 - T7'!$D$3:$D$17,A36)+COUNTIF('08 - T7'!$F$3:$F$17,A36)+COUNTIF('08 - T7'!$H$3:$H$17,A36)+COUNTIF('08 - T7'!$D$19:$D$29,A36)+COUNTIF('08 - T7'!$F$19:$F$29,A36)+COUNTIF('08 - T7'!$H$19:$H$29,A36)+COUNTIF('09 - CN'!$D$3:$D$17,A36)+COUNTIF('09 - CN'!$F$3:$F$17,A36)+COUNTIF('09 - CN'!$H$3:$H$17,A36)+COUNTIF('09 - CN'!$D$19:$D$29,A36)+COUNTIF('09 - CN'!$F$19:$F$29,A36)+COUNTIF('09 - CN'!$H$19:$H$29,A36)+COUNTIF('10 - T2'!$D$3:$D$17,A36)+COUNTIF('10 - T2'!$F$3:$F$17,A36)+COUNTIF('10 - T2'!$H$3:$H$17,A36)+COUNTIF('10 - T2'!$D$19:$D$29,A36)+COUNTIF('10 - T2'!$F$19:$F$29,A36)+COUNTIF('10 - T2'!$H$19:$H$29,A36)+COUNTIF('11 - T3'!$D$3:$D$17,A36)+COUNTIF('11 - T3'!$F$3:$F$17,A36)+COUNTIF('11 - T3'!$H$3:$H$17,A36)+COUNTIF('11 - T3'!$D$19:$D$29,A36)+COUNTIF('11 - T3'!$F$19:$F$29,A36)+COUNTIF('11 - T3'!$H$19:$H$29,A36)+COUNTIF('12 - T4'!$D$3:$D$17,A36)+COUNTIF('12 - T4'!$F$3:$F$17,A36)+COUNTIF('12 - T4'!$H$3:$H$17,A36)+COUNTIF('12 - T4'!$D$19:$D$29,A36)+COUNTIF('12 - T4'!$F$19:$F$29,A36)+COUNTIF('12 - T4'!$H$19:$H$29,A36)+COUNTIF('13 - T5'!$D$3:$D$17,A36)+COUNTIF('13 - T5'!$F$3:$F$17,A36)+COUNTIF('13 - T5'!$H$3:$H$17,A36)+COUNTIF('13 - T5'!$D$19:$D$29,A36)+COUNTIF('13 - T5'!$F$19:$F$29,A36)+COUNTIF('13 - T5'!$H$19:$H$29,A36)+COUNTIF('14 - T6'!$D$3:$D$17,A36)+COUNTIF('14 - T6'!$F$3:$F$17,A36)+COUNTIF('14 - T6'!$H$3:$H$17,A36)+COUNTIF('14 - T6'!$D$19:$D$29,A36)+COUNTIF('14 - T6'!$F$19:$F$29,A36)+COUNTIF('14 - T6'!$H$19:$H$29,A36)+COUNTIF('15 - T7'!$D$3:$D$17,A36)+COUNTIF('15 - T7'!$F$3:$F$17,A36)+COUNTIF('15 - T7'!$H$3:$H$17,A36)+COUNTIF('15 - T7'!$D$19:$D$29,A36)+COUNTIF('15 - T7'!$F$19:$F$29,A36)+COUNTIF('15 - T7'!$H$19:$H$29,A36)+COUNTIF('16 - CN'!$D$3:$D$17,A36)+COUNTIF('16 - CN'!$F$3:$F$17,A36)+COUNTIF('16 - CN'!$H$3:$H$17,A36)+COUNTIF('16 - CN'!$D$19:$D$29,A36)+COUNTIF('16 - CN'!$F$19:$F$29,A36)+COUNTIF('16 - CN'!$H$19:$H$29,A36)+COUNTIF('17 - T2'!$D$3:$D$17,A36)+COUNTIF('17 - T2'!$F$3:$F$17,A36)+COUNTIF('17 - T2'!$H$3:$H$17,A36)+COUNTIF('17 - T2'!$D$19:$D$29,A36)+COUNTIF('17 - T2'!$F$19:$F$29,A36)+COUNTIF('17 - T2'!$H$19:$H$29,A36)+COUNTIF('18 - T3'!$D$3:$D$17,A36)+COUNTIF('18 - T3'!$F$3:$F$17,A36)+COUNTIF('18 - T3'!$H$3:$H$17,A36)+COUNTIF('18 - T3'!$D$19:$D$29,A36)+COUNTIF('18 - T3'!$F$19:$F$29,A36)+COUNTIF('18 - T3'!$H$19:$H$29,A36)+COUNTIF('19 - T4'!$D$3:$D$17,A36)+COUNTIF('19 - T4'!$F$3:$F$17,A36)+COUNTIF('19 - T4'!$H$3:$H$17,A36)+COUNTIF('19 - T4'!$D$19:$D$29,A36)+COUNTIF('19 - T4'!$F$19:$F$29,A36)+COUNTIF('19 - T4'!$H$19:$H$29,A36)+COUNTIF('20 - T5'!$D$3:$D$17,A36)+COUNTIF('20 - T5'!$F$3:$F$17,A36)+COUNTIF('20 - T5'!$H$3:$H$17,A36)+COUNTIF('20 - T5'!$D$19:$D$29,A36)+COUNTIF('20 - T5'!$F$19:$F$29,A36)+COUNTIF('20 - T5'!$H$19:$H$29,A36)+COUNTIF('21 - T6'!$D$3:$D$17,A36)+COUNTIF('21 - T6'!$F$3:$F$17,A36)+COUNTIF('21 - T6'!$H$3:$H$17,A36)+COUNTIF('21 - T6'!$D$19:$D$29,A36)+COUNTIF('21 - T6'!$F$19:$F$29,A36)+COUNTIF('21 - T6'!$H$19:$H$29,A36)+COUNTIF('22 - T7'!$D$3:$D$17,A36)+COUNTIF('22 - T7'!$F$3:$F$17,A36)+COUNTIF('22 - T7'!$H$3:$H$17,A36)+COUNTIF('22 - T7'!$D$19:$D$29,A36)+COUNTIF('22 - T7'!$F$19:$F$29,A36)+COUNTIF('22 - T7'!$H$19:$H$29,A36)+COUNTIF('23 - CN'!$D$3:$D$17,A36)+COUNTIF('23 - CN'!$F$3:$F$17,A36)+COUNTIF('23 - CN'!$H$3:$H$17,A36)+COUNTIF('23 - CN'!$D$19:$D$29,A36)+COUNTIF('23 - CN'!$F$19:$F$29,A36)+COUNTIF('23 - CN'!$H$19:$H$29,A36)+COUNTIF('24 - T2'!$D$3:$D$17,A36)+COUNTIF('24 - T2'!$F$3:$F$17,A36)+COUNTIF('24 - T2'!$H$3:$H$17,A36)+COUNTIF('24 - T2'!$D$19:$D$29,A36)+COUNTIF('24 - T2'!$F$19:$F$29,A36)+COUNTIF('24 - T2'!$H$19:$H$29,A36)+COUNTIF('25 - T3'!$D$3:$D$17,A36)+COUNTIF('25 - T3'!$F$3:$F$17,A36)+COUNTIF('25 - T3'!$H$3:$H$17,A36)+COUNTIF('25 - T3'!$D$19:$D$29,A36)+COUNTIF('25 - T3'!$F$19:$F$29,A36)+COUNTIF('25 - T3'!$H$19:$H$29,A36)+COUNTIF('26 - T4'!$D$3:$D$17,A36)+COUNTIF('26 - T4'!$F$3:$F$17,A36)+COUNTIF('26 - T4'!$H$3:$H$17,A36)+COUNTIF('26 - T4'!$D$19:$D$29,A36)+COUNTIF('26 - T4'!$F$19:$F$29,A36)+COUNTIF('26 - T4'!$H$19:$H$29,A36)+COUNTIF('27 - T5'!$D$3:$D$17,A36)+COUNTIF('27 - T5'!$F$3:$F$17,A36)+COUNTIF('27 - T5'!$H$3:$H$17,A36)+COUNTIF('27 - T5'!$D$19:$D$29,A36)+COUNTIF('27 - T5'!$F$19:$F$29,A36)+COUNTIF('27 - T5'!$H$19:$H$29,A36)+COUNTIF('28 - T6'!$D$3:$D$17,A36)+COUNTIF('28 - T6'!$F$3:$F$17,A36)+COUNTIF('28 - T6'!$H$3:$H$17,A36)+COUNTIF('28 - T6'!$D$19:$D$29,A36)+COUNTIF('28 - T6'!$F$19:$F$29,A36)+COUNTIF('28 - T6'!$H$19:$H$29,A36)+COUNTIF('29 - T7'!$D$3:$D$17,A36)+COUNTIF('29 - T7'!$F$3:$F$17,A36)+COUNTIF('29 - T7'!$H$3:$H$17,A36)+COUNTIF('29 - T7'!$D$19:$D$29,A36)+COUNTIF('29 - T7'!$F$19:$F$29,A36)+COUNTIF('29 - T7'!$H$19:$H$29,A36)+COUNTIF('30 - CN'!$D$3:$D$17,A36)+COUNTIF('30 - CN'!$F$3:$F$17,A36)+COUNTIF('30 - CN'!$H$3:$H$17,A36)+COUNTIF('30 - CN'!$D$19:$D$29,A36)+COUNTIF('30 - CN'!$F$19:$F$29,A36)+COUNTIF('30 - CN'!$H$19:$H$29,A36)+COUNTIF('31 - T2'!$D$3:$D$17,A36)+COUNTIF('31 - T2'!$F$3:$F$17,A36)+COUNTIF('31 - T2'!$H$3:$H$17,A36)+COUNTIF('31 - T2'!$D$19:$D$29,A36)+COUNTIF('31 - T2'!$F$19:$F$29,A36)+COUNTIF('31 - T2'!$H$19:$H$29,A36) -> 206 | C36: =IF($B$42=0,"",B36/$B$42) -> 0.34738617
A37: Lúa mì | B37: =COUNTIF('01 - T7'!$D$3:$D$17,A37)+COUNTIF('01 - T7'!$F$3:$F$17,A37)+COUNTIF('01 - T7'!$H$3:$H$17,A37)+COUNTIF('01 - T7'!$D$19:$D$29,A37)+COUNTIF('01 - T7'!$F$19:$F$29,A37)+COUNTIF('01 - T7'!$H$19:$H$29,A37)+COUNTIF('02 - CN'!$D$3:$D$17,A37)+COUNTIF('02 - CN'!$F$3:$F$17,A37)+COUNTIF('02 - CN'!$H$3:$H$17,A37)+COUNTIF('02 - CN'!$D$19:$D$29,A37)+COUNTIF('02 - CN'!$F$19:$F$29,A37)+COUNTIF('02 - CN'!$H$19:$H$29,A37)+COUNTIF('03 - T2'!$D$3:$D$17,A37)+COUNTIF('03 - T2'!$F$3:$F$17,A37)+COUNTIF('03 - T2'!$H$3:$H$17,A37)+COUNTIF('03 - T2'!$D$19:$D$29,A37)+COUNTIF('03 - T2'!$F$19:$F$29,A37)+COUNTIF('03 - T2'!$H$19:$H$29,A37)+COUNTIF('04 - T3'!$D$3:$D$17,A37)+COUNTIF('04 - T3'!$F$3:$F$17,A37)+COUNTIF('04 - T3'!$H$3:$H$17,A37)+COUNTIF('04 - T3'!$D$19:$D$29,A37)+COUNTIF('04 - T3'!$F$19:$F$29,A37)+COUNTIF('04 - T3'!$H$19:$H$29,A37)+COUNTIF('05 - T4'!$D$3:$D$17,A37)+COUNTIF('05 - T4'!$F$3:$F$17,A37)+COUNTIF('05 - T4'!$H$3:$H$17,A37)+COUNTIF('05 - T4'!$D$19:$D$29,A37)+COUNTIF('05 - T4'!$F$19:$F$29,A37)+COUNTIF('05 - T4'!$H$19:$H$29,A37)+COUNTIF('06 - T5'!$D$3:$D$17,A37)+COUNTIF('06 - T5'!$F$3:$F$17,A37)+COUNTIF('06 - T5'!$H$3:$H$17,A37)+COUNTIF('06 - T5'!$D$19:$D$29,A37)+COUNTIF('06 - T5'!$F$19:$F$29,A37)+COUNTIF('06 - T5'!$H$19:$H$29,A37)+COUNTIF('07 - T6'!$D$3:$D$17,A37)+COUNTIF('07 - T6'!$F$3:$F$17,A37)+COUNTIF('07 - T6'!$H$3:$H$17,A37)+COUNTIF('07 - T6'!$D$19:$D$29,A37)+COUNTIF('07 - T6'!$F$19:$F$29,A37)+COUNTIF('07 - T6'!$H$19:$H$29,A37)+COUNTIF('08 - T7'!$D$3:$D$17,A37)+COUNTIF('08 - T7'!$F$3:$F$17,A37)+COUNTIF('08 - T7'!$H$3:$H$17,A37)+COUNTIF('08 - T7'!$D$19:$D$29,A37)+COUNTIF('08 - T7'!$F$19:$F$29,A37)+COUNTIF('08 - T7'!$H$19:$H$29,A37)+COUNTIF('09 - CN'!$D$3:$D$17,A37)+COUNTIF('09 - CN'!$F$3:$F$17,A37)+COUNTIF('09 - CN'!$H$3:$H$17,A37)+COUNTIF('09 - CN'!$D$19:$D$29,A37)+COUNTIF('09 - CN'!$F$19:$F$29,A37)+COUNTIF('09 - CN'!$H$19:$H$29,A37)+COUNTIF('10 - T2'!$D$3:$D$17,A37)+COUNTIF('10 - T2'!$F$3:$F$17,A37)+COUNTIF('10 - T2'!$H$3:$H$17,A37)+COUNTIF('10 - T2'!$D$19:$D$29,A37)+COUNTIF('10 - T2'!$F$19:$F$29,A37)+COUNTIF('10 - T2'!$H$19:$H$29,A37)+COUNTIF('11 - T3'!$D$3:$D$17,A37)+COUNTIF('11 - T3'!$F$3:$F$17,A37)+COUNTIF('11 - T3'!$H$3:$H$17,A37)+COUNTIF('11 - T3'!$D$19:$D$29,A37)+COUNTIF('11 - T3'!$F$19:$F$29,A37)+COUNTIF('11 - T3'!$H$19:$H$29,A37)+COUNTIF('12 - T4'!$D$3:$D$17,A37)+COUNTIF('12 - T4'!$F$3:$F$17,A37)+COUNTIF('12 - T4'!$H$3:$H$17,A37)+COUNTIF('12 - T4'!$D$19:$D$29,A37)+COUNTIF('12 - T4'!$F$19:$F$29,A37)+COUNTIF('12 - T4'!$H$19:$H$29,A37)+COUNTIF('13 - T5'!$D$3:$D$17,A37)+COUNTIF('13 - T5'!$F$3:$F$17,A37)+COUNTIF('13 - T5'!$H$3:$H$17,A37)+COUNTIF('13 - T5'!$D$19:$D$29,A37)+COUNTIF('13 - T5'!$F$19:$F$29,A37)+COUNTIF('13 - T5'!$H$19:$H$29,A37)+COUNTIF('14 - T6'!$D$3:$D$17,A37)+COUNTIF('14 - T6'!$F$3:$F$17,A37)+COUNTIF('14 - T6'!$H$3:$H$17,A37)+COUNTIF('14 - T6'!$D$19:$D$29,A37)+COUNTIF('14 - T6'!$F$19:$F$29,A37)+COUNTIF('14 - T6'!$H$19:$H$29,A37)+COUNTIF('15 - T7'!$D$3:$D$17,A37)+COUNTIF('15 - T7'!$F$3:$F$17,A37)+COUNTIF('15 - T7'!$H$3:$H$17,A37)+COUNTIF('15 - T7'!$D$19:$D$29,A37)+COUNTIF('15 - T7'!$F$19:$F$29,A37)+COUNTIF('15 - T7'!$H$19:$H$29,A37)+COUNTIF('16 - CN'!$D$3:$D$17,A37)+COUNTIF('16 - CN'!$F$3:$F$17,A37)+COUNTIF('16 - CN'!$H$3:$H$17,A37)+COUNTIF('16 - CN'!$D$19:$D$29,A37)+COUNTIF('16 - CN'!$F$19:$F$29,A37)+COUNTIF('16 - CN'!$H$19:$H$29,A37)+COUNTIF('17 - T2'!$D$3:$D$17,A37)+COUNTIF('17 - T2'!$F$3:$F$17,A37)+COUNTIF('17 - T2'!$H$3:$H$17,A37)+COUNTIF('17 - T2'!$D$19:$D$29,A37)+COUNTIF('17 - T2'!$F$19:$F$29,A37)+COUNTIF('17 - T2'!$H$19:$H$29,A37)+COUNTIF('18 - T3'!$D$3:$D$17,A37)+COUNTIF('18 - T3'!$F$3:$F$17,A37)+COUNTIF('18 - T3'!$H$3:$H$17,A37)+COUNTIF('18 - T3'!$D$19:$D$29,A37)+COUNTIF('18 - T3'!$F$19:$F$29,A37)+COUNTIF('18 - T3'!$H$19:$H$29,A37)+COUNTIF('19 - T4'!$D$3:$D$17,A37)+COUNTIF('19 - T4'!$F$3:$F$17,A37)+COUNTIF('19 - T4'!$H$3:$H$17,A37)+COUNTIF('19 - T4'!$D$19:$D$29,A37)+COUNTIF('19 - T4'!$F$19:$F$29,A37)+COUNTIF('19 - T4'!$H$19:$H$29,A37)+COUNTIF('20 - T5'!$D$3:$D$17,A37)+COUNTIF('20 - T5'!$F$3:$F$17,A37)+COUNTIF('20 - T5'!$H$3:$H$17,A37)+COUNTIF('20 - T5'!$D$19:$D$29,A37)+COUNTIF('20 - T5'!$F$19:$F$29,A37)+COUNTIF('20 - T5'!$H$19:$H$29,A37)+COUNTIF('21 - T6'!$D$3:$D$17,A37)+COUNTIF('21 - T6'!$F$3:$F$17,A37)+COUNTIF('21 - T6'!$H$3:$H$17,A37)+COUNTIF('21 - T6'!$D$19:$D$29,A37)+COUNTIF('21 - T6'!$F$19:$F$29,A37)+COUNTIF('21 - T6'!$H$19:$H$29,A37)+COUNTIF('22 - T7'!$D$3:$D$17,A37)+COUNTIF('22 - T7'!$F$3:$F$17,A37)+COUNTIF('22 - T7'!$H$3:$H$17,A37)+COUNTIF('22 - T7'!$D$19:$D$29,A37)+COUNTIF('22 - T7'!$F$19:$F$29,A37)+COUNTIF('22 - T7'!$H$19:$H$29,A37)+COUNTIF('23 - CN'!$D$3:$D$17,A37)+COUNTIF('23 - CN'!$F$3:$F$17,A37)+COUNTIF('23 - CN'!$H$3:$H$17,A37)+COUNTIF('23 - CN'!$D$19:$D$29,A37)+COUNTIF('23 - CN'!$F$19:$F$29,A37)+COUNTIF('23 - CN'!$H$19:$H$29,A37)+COUNTIF('24 - T2'!$D$3:$D$17,A37)+COUNTIF('24 - T2'!$F$3:$F$17,A37)+COUNTIF('24 - T2'!$H$3:$H$17,A37)+COUNTIF('24 - T2'!$D$19:$D$29,A37)+COUNTIF('24 - T2'!$F$19:$F$29,A37)+COUNTIF('24 - T2'!$H$19:$H$29,A37)+COUNTIF('25 - T3'!$D$3:$D$17,A37)+COUNTIF('25 - T3'!$F$3:$F$17,A37)+COUNTIF('25 - T3'!$H$3:$H$17,A37)+COUNTIF('25 - T3'!$D$19:$D$29,A37)+COUNTIF('25 - T3'!$F$19:$F$29,A37)+COUNTIF('25 - T3'!$H$19:$H$29,A37)+COUNTIF('26 - T4'!$D$3:$D$17,A37)+COUNTIF('26 - T4'!$F$3:$F$17,A37)+COUNTIF('26 - T4'!$H$3:$H$17,A37)+COUNTIF('26 - T4'!$D$19:$D$29,A37)+COUNTIF('26 - T4'!$F$19:$F$29,A37)+COUNTIF('26 - T4'!$H$19:$H$29,A37)+COUNTIF('27 - T5'!$D$3:$D$17,A37)+COUNTIF('27 - T5'!$F$3:$F$17,A37)+COUNTIF('27 - T5'!$H$3:$H$17,A37)+COUNTIF('27 - T5'!$D$19:$D$29,A37)+COUNTIF('27 - T5'!$F$19:$F$29,A37)+COUNTIF('27 - T5'!$H$19:$H$29,A37)+COUNTIF('28 - T6'!$D$3:$D$17,A37)+COUNTIF('28 - T6'!$F$3:$F$17,A37)+COUNTIF('28 - T6'!$H$3:$H$17,A37)+COUNTIF('28 - T6'!$D$19:$D$29,A37)+COUNTIF('28 - T6'!$F$19:$F$29,A37)+COUNTIF('28 - T6'!$H$19:$H$29,A37)+COUNTIF('29 - T7'!$D$3:$D$17,A37)+COUNTIF('29 - T7'!$F$3:$F$17,A37)+COUNTIF('29 - T7'!$H$3:$H$17,A37)+COUNTIF('29 - T7'!$D$19:$D$29,A37)+COUNTIF('29 - T7'!$F$19:$F$29,A37)+COUNTIF('29 - T7'!$H$19:$H$29,A37)+COUNTIF('30 - CN'!$D$3:$D$17,A37)+COUNTIF('30 - CN'!$F$3:$F$17,A37)+COUNTIF('30 - CN'!$H$3:$H$17,A37)+COUNTIF('30 - CN'!$D$19:$D$29,A37)+COUNTIF('30 - CN'!$F$19:$F$29,A37)+COUNTIF('30 - CN'!$H$19:$H$29,A37)+COUNTIF('31 - T2'!$D$3:$D$17,A37)+COUNTIF('31 - T2'!$F$3:$F$17,A37)+COUNTIF('31 - T2'!$H$3:$H$17,A37)+COUNTIF('31 - T2'!$D$19:$D$29,A37)+COUNTIF('31 - T2'!$F$19:$F$29,A37)+COUNTIF('31 - T2'!$H$19:$H$29,A37) -> 78 | C37: =IF($B$42=0,"",B37/$B$42) -> 0.13153457
A38: Bao | B38: =COUNTIF('01 - T7'!$D$3:$D$17,A38)+COUNTIF('01 - T7'!$F$3:$F$17,A38)+COUNTIF('01 - T7'!$H$3:$H$17,A38)+COUNTIF('01 - T7'!$D$19:$D$29,A38)+COUNTIF('01 - T7'!$F$19:$F$29,A38)+COUNTIF('01 - T7'!$H$19:$H$29,A38)+COUNTIF('02 - CN'!$D$3:$D$17,A38)+COUNTIF('02 - CN'!$F$3:$F$17,A38)+COUNTIF('02 - CN'!$H$3:$H$17,A38)+COUNTIF('02 - CN'!$D$19:$D$29,A38)+COUNTIF('02 - CN'!$F$19:$F$29,A38)+COUNTIF('02 - CN'!$H$19:$H$29,A38)+COUNTIF('03 - T2'!$D$3:$D$17,A38)+COUNTIF('03 - T2'!$F$3:$F$17,A38)+COUNTIF('03 - T2'!$H$3:$H$17,A38)+COUNTIF('03 - T2'!$D$19:$D$29,A38)+COUNTIF('03 - T2'!$F$19:$F$29,A38)+COUNTIF('03 - T2'!$H$19:$H$29,A38)+COUNTIF('04 - T3'!$D$3:$D$17,A38)+COUNTIF('04 - T3'!$F$3:$F$17,A38)+COUNTIF('04 - T3'!$H$3:$H$17,A38)+COUNTIF('04 - T3'!$D$19:$D$29,A38)+COUNTIF('04 - T3'!$F$19:$F$29,A38)+COUNTIF('04 - T3'!$H$19:$H$29,A38)+COUNTIF('05 - T4'!$D$3:$D$17,A38)+COUNTIF('05 - T4'!$F$3:$F$17,A38)+COUNTIF('05 - T4'!$H$3:$H$17,A38)+COUNTIF('05 - T4'!$D$19:$D$29,A38)+COUNTIF('05 - T4'!$F$19:$F$29,A38)+COUNTIF('05 - T4'!$H$19:$H$29,A38)+COUNTIF('06 - T5'!$D$3:$D$17,A38)+COUNTIF('06 - T5'!$F$3:$F$17,A38)+COUNTIF('06 - T5'!$H$3:$H$17,A38)+COUNTIF('06 - T5'!$D$19:$D$29,A38)+COUNTIF('06 - T5'!$F$19:$F$29,A38)+COUNTIF('06 - T5'!$H$19:$H$29,A38)+COUNTIF('07 - T6'!$D$3:$D$17,A38)+COUNTIF('07 - T6'!$F$3:$F$17,A38)+COUNTIF('07 - T6'!$H$3:$H$17,A38)+COUNTIF('07 - T6'!$D$19:$D$29,A38)+COUNTIF('07 - T6'!$F$19:$F$29,A38)+COUNTIF('07 - T6'!$H$19:$H$29,A38)+COUNTIF('08 - T7'!$D$3:$D$17,A38)+COUNTIF('08 - T7'!$F$3:$F$17,A38)+COUNTIF('08 - T7'!$H$3:$H$17,A38)+COUNTIF('08 - T7'!$D$19:$D$29,A38)+COUNTIF('08 - T7'!$F$19:$F$29,A38)+COUNTIF('08 - T7'!$H$19:$H$29,A38)+COUNTIF('09 - CN'!$D$3:$D$17,A38)+COUNTIF('09 - CN'!$F$3:$F$17,A38)+COUNTIF('09 - CN'!$H$3:$H$17,A38)+COUNTIF('09 - CN'!$D$19:$D$29,A38)+COUNTIF('09 - CN'!$F$19:$F$29,A38)+COUNTIF('09 - CN'!$H$19:$H$29,A38)+COUNTIF('10 - T2'!$D$3:$D$17,A38)+COUNTIF('10 - T2'!$F$3:$F$17,A38)+COUNTIF('10 - T2'!$H$3:$H$17,A38)+COUNTIF('10 - T2'!$D$19:$D$29,A38)+COUNTIF('10 - T2'!$F$19:$F$29,A38)+COUNTIF('10 - T2'!$H$19:$H$29,A38)+COUNTIF('11 - T3'!$D$3:$D$17,A38)+COUNTIF('11 - T3'!$F$3:$F$17,A38)+COUNTIF('11 - T3'!$H$3:$H$17,A38)+COUNTIF('11 - T3'!$D$19:$D$29,A38)+COUNTIF('11 - T3'!$F$19:$F$29,A38)+COUNTIF('11 - T3'!$H$19:$H$29,A38)+COUNTIF('12 - T4'!$D$3:$D$17,A38)+COUNTIF('12 - T4'!$F$3:$F$17,A38)+COUNTIF('12 - T4'!$H$3:$H$17,A38)+COUNTIF('12 - T4'!$D$19:$D$29,A38)+COUNTIF('12 - T4'!$F$19:$F$29,A38)+COUNTIF('12 - T4'!$H$19:$H$29,A38)+COUNTIF('13 - T5'!$D$3:$D$17,A38)+COUNTIF('13 - T5'!$F$3:$F$17,A38)+COUNTIF('13 - T5'!$H$3:$H$17,A38)+COUNTIF('13 - T5'!$D$19:$D$29,A38)+COUNTIF('13 - T5'!$F$19:$F$29,A38)+COUNTIF('13 - T5'!$H$19:$H$29,A38)+COUNTIF('14 - T6'!$D$3:$D$17,A38)+COUNTIF('14 - T6'!$F$3:$F$17,A38)+COUNTIF('14 - T6'!$H$3:$H$17,A38)+COUNTIF('14 - T6'!$D$19:$D$29,A38)+COUNTIF('14 - T6'!$F$19:$F$29,A38)+COUNTIF('14 - T6'!$H$19:$H$29,A38)+COUNTIF('15 - T7'!$D$3:$D$17,A38)+COUNTIF('15 - T7'!$F$3:$F$17,A38)+COUNTIF('15 - T7'!$H$3:$H$17,A38)+COUNTIF('15 - T7'!$D$19:$D$29,A38)+COUNTIF('15 - T7'!$F$19:$F$29,A38)+COUNTIF('15 - T7'!$H$19:$H$29,A38)+COUNTIF('16 - CN'!$D$3:$D$17,A38)+COUNTIF('16 - CN'!$F$3:$F$17,A38)+COUNTIF('16 - CN'!$H$3:$H$17,A38)+COUNTIF('16 - CN'!$D$19:$D$29,A38)+COUNTIF('16 - CN'!$F$19:$F$29,A38)+COUNTIF('16 - CN'!$H$19:$H$29,A38)+COUNTIF('17 - T2'!$D$3:$D$17,A38)+COUNTIF('17 - T2'!$F$3:$F$17,A38)+COUNTIF('17 - T2'!$H$3:$H$17,A38)+COUNTIF('17 - T2'!$D$19:$D$29,A38)+COUNTIF('17 - T2'!$F$19:$F$29,A38)+COUNTIF('17 - T2'!$H$19:$H$29,A38)+COUNTIF('18 - T3'!$D$3:$D$17,A38)+COUNTIF('18 - T3'!$F$3:$F$17,A38)+COUNTIF('18 - T3'!$H$3:$H$17,A38)+COUNTIF('18 - T3'!$D$19:$D$29,A38)+COUNTIF('18 - T3'!$F$19:$F$29,A38)+COUNTIF('18 - T3'!$H$19:$H$29,A38)+COUNTIF('19 - T4'!$D$3:$D$17,A38)+COUNTIF('19 - T4'!$F$3:$F$17,A38)+COUNTIF('19 - T4'!$H$3:$H$17,A38)+COUNTIF('19 - T4'!$D$19:$D$29,A38)+COUNTIF('19 - T4'!$F$19:$F$29,A38)+COUNTIF('19 - T4'!$H$19:$H$29,A38)+COUNTIF('20 - T5'!$D$3:$D$17,A38)+COUNTIF('20 - T5'!$F$3:$F$17,A38)+COUNTIF('20 - T5'!$H$3:$H$17,A38)+COUNTIF('20 - T5'!$D$19:$D$29,A38)+COUNTIF('20 - T5'!$F$19:$F$29,A38)+COUNTIF('20 - T5'!$H$19:$H$29,A38)+COUNTIF('21 - T6'!$D$3:$D$17,A38)+COUNTIF('21 - T6'!$F$3:$F$17,A38)+COUNTIF('21 - T6'!$H$3:$H$17,A38)+COUNTIF('21 - T6'!$D$19:$D$29,A38)+COUNTIF('21 - T6'!$F$19:$F$29,A38)+COUNTIF('21 - T6'!$H$19:$H$29,A38)+COUNTIF('22 - T7'!$D$3:$D$17,A38)+COUNTIF('22 - T7'!$F$3:$F$17,A38)+COUNTIF('22 - T7'!$H$3:$H$17,A38)+COUNTIF('22 - T7'!$D$19:$D$29,A38)+COUNTIF('22 - T7'!$F$19:$F$29,A38)+COUNTIF('22 - T7'!$H$19:$H$29,A38)+COUNTIF('23 - CN'!$D$3:$D$17,A38)+COUNTIF('23 - CN'!$F$3:$F$17,A38)+COUNTIF('23 - CN'!$H$3:$H$17,A38)+COUNTIF('23 - CN'!$D$19:$D$29,A38)+COUNTIF('23 - CN'!$F$19:$F$29,A38)+COUNTIF('23 - CN'!$H$19:$H$29,A38)+COUNTIF('24 - T2'!$D$3:$D$17,A38)+COUNTIF('24 - T2'!$F$3:$F$17,A38)+COUNTIF('24 - T2'!$H$3:$H$17,A38)+COUNTIF('24 - T2'!$D$19:$D$29,A38)+COUNTIF('24 - T2'!$F$19:$F$29,A38)+COUNTIF('24 - T2'!$H$19:$H$29,A38)+COUNTIF('25 - T3'!$D$3:$D$17,A38)+COUNTIF('25 - T3'!$F$3:$F$17,A38)+COUNTIF('25 - T3'!$H$3:$H$17,A38)+COUNTIF('25 - T3'!$D$19:$D$29,A38)+COUNTIF('25 - T3'!$F$19:$F$29,A38)+COUNTIF('25 - T3'!$H$19:$H$29,A38)+COUNTIF('26 - T4'!$D$3:$D$17,A38)+COUNTIF('26 - T4'!$F$3:$F$17,A38)+COUNTIF('26 - T4'!$H$3:$H$17,A38)+COUNTIF('26 - T4'!$D$19:$D$29,A38)+COUNTIF('26 - T4'!$F$19:$F$29,A38)+COUNTIF('26 - T4'!$H$19:$H$29,A38)+COUNTIF('27 - T5'!$D$3:$D$17,A38)+COUNTIF('27 - T5'!$F$3:$F$17,A38)+COUNTIF('27 - T5'!$H$3:$H$17,A38)+COUNTIF('27 - T5'!$D$19:$D$29,A38)+COUNTIF('27 - T5'!$F$19:$F$29,A38)+COUNTIF('27 - T5'!$H$19:$H$29,A38)+COUNTIF('28 - T6'!$D$3:$D$17,A38)+COUNTIF('28 - T6'!$F$3:$F$17,A38)+COUNTIF('28 - T6'!$H$3:$H$17,A38)+COUNTIF('28 - T6'!$D$19:$D$29,A38)+COUNTIF('28 - T6'!$F$19:$F$29,A38)+COUNTIF('28 - T6'!$H$19:$H$29,A38)+COUNTIF('29 - T7'!$D$3:$D$17,A38)+COUNTIF('29 - T7'!$F$3:$F$17,A38)+COUNTIF('29 - T7'!$H$3:$H$17,A38)+COUNTIF('29 - T7'!$D$19:$D$29,A38)+COUNTIF('29 - T7'!$F$19:$F$29,A38)+COUNTIF('29 - T7'!$H$19:$H$29,A38)+COUNTIF('30 - CN'!$D$3:$D$17,A38)+COUNTIF('30 - CN'!$F$3:$F$17,A38)+COUNTIF('30 - CN'!$H$3:$H$17,A38)+COUNTIF('30 - CN'!$D$19:$D$29,A38)+COUNTIF('30 - CN'!$F$19:$F$29,A38)+COUNTIF('30 - CN'!$H$19:$H$29,A38)+COUNTIF('31 - T2'!$D$3:$D$17,A38)+COUNTIF('31 - T2'!$F$3:$F$17,A38)+COUNTIF('31 - T2'!$H$3:$H$17,A38)+COUNTIF('31 - T2'!$D$19:$D$29,A38)+COUNTIF('31 - T2'!$F$19:$F$29,A38)+COUNTIF('31 - T2'!$H$19:$H$29,A38) -> 5 | C38: =IF($B$42=0,"",B38/$B$42) -> 0.0084317032
A39: DDGS | B39: =COUNTIF('01 - T7'!$D$3:$D$17,A39)+COUNTIF('01 - T7'!$F$3:$F$17,A39)+COUNTIF('01 - T7'!$H$3:$H$17,A39)+COUNTIF('01 - T7'!$D$19:$D$29,A39)+COUNTIF('01 - T7'!$F$19:$F$29,A39)+COUNTIF('01 - T7'!$H$19:$H$29,A39)+COUNTIF('02 - CN'!$D$3:$D$17,A39)+COUNTIF('02 - CN'!$F$3:$F$17,A39)+COUNTIF('02 - CN'!$H$3:$H$17,A39)+COUNTIF('02 - CN'!$D$19:$D$29,A39)+COUNTIF('02 - CN'!$F$19:$F$29,A39)+COUNTIF('02 - CN'!$H$19:$H$29,A39)+COUNTIF('03 - T2'!$D$3:$D$17,A39)+COUNTIF('03 - T2'!$F$3:$F$17,A39)+COUNTIF('03 - T2'!$H$3:$H$17,A39)+COUNTIF('03 - T2'!$D$19:$D$29,A39)+COUNTIF('03 - T2'!$F$19:$F$29,A39)+COUNTIF('03 - T2'!$H$19:$H$29,A39)+COUNTIF('04 - T3'!$D$3:$D$17,A39)+COUNTIF('04 - T3'!$F$3:$F$17,A39)+COUNTIF('04 - T3'!$H$3:$H$17,A39)+COUNTIF('04 - T3'!$D$19:$D$29,A39)+COUNTIF('04 - T3'!$F$19:$F$29,A39)+COUNTIF('04 - T3'!$H$19:$H$29,A39)+COUNTIF('05 - T4'!$D$3:$D$17,A39)+COUNTIF('05 - T4'!$F$3:$F$17,A39)+COUNTIF('05 - T4'!$H$3:$H$17,A39)+COUNTIF('05 - T4'!$D$19:$D$29,A39)+COUNTIF('05 - T4'!$F$19:$F$29,A39)+COUNTIF('05 - T4'!$H$19:$H$29,A39)+COUNTIF('06 - T5'!$D$3:$D$17,A39)+COUNTIF('06 - T5'!$F$3:$F$17,A39)+COUNTIF('06 - T5'!$H$3:$H$17,A39)+COUNTIF('06 - T5'!$D$19:$D$29,A39)+COUNTIF('06 - T5'!$F$19:$F$29,A39)+COUNTIF('06 - T5'!$H$19:$H$29,A39)+COUNTIF('07 - T6'!$D$3:$D$17,A39)+COUNTIF('07 - T6'!$F$3:$F$17,A39)+COUNTIF('07 - T6'!$H$3:$H$17,A39)+COUNTIF('07 - T6'!$D$19:$D$29,A39)+COUNTIF('07 - T6'!$F$19:$F$29,A39)+COUNTIF('07 - T6'!$H$19:$H$29,A39)+COUNTIF('08 - T7'!$D$3:$D$17,A39)+COUNTIF('08 - T7'!$F$3:$F$17,A39)+COUNTIF('08 - T7'!$H$3:$H$17,A39)+COUNTIF('08 - T7'!$D$19:$D$29,A39)+COUNTIF('08 - T7'!$F$19:$F$29,A39)+COUNTIF('08 - T7'!$H$19:$H$29,A39)+COUNTIF('09 - CN'!$D$3:$D$17,A39)+COUNTIF('09 - CN'!$F$3:$F$17,A39)+COUNTIF('09 - CN'!$H$3:$H$17,A39)+COUNTIF('09 - CN'!$D$19:$D$29,A39)+COUNTIF('09 - CN'!$F$19:$F$29,A39)+COUNTIF('09 - CN'!$H$19:$H$29,A39)+COUNTIF('10 - T2'!$D$3:$D$17,A39)+COUNTIF('10 - T2'!$F$3:$F$17,A39)+COUNTIF('10 - T2'!$H$3:$H$17,A39)+COUNTIF('10 - T2'!$D$19:$D$29,A39)+COUNTIF('10 - T2'!$F$19:$F$29,A39)+COUNTIF('10 - T2'!$H$19:$H$29,A39)+COUNTIF('11 - T3'!$D$3:$D$17,A39)+COUNTIF('11 - T3'!$F$3:$F$17,A39)+COUNTIF('11 - T3'!$H$3:$H$17,A39)+COUNTIF('11 - T3'!$D$19:$D$29,A39)+COUNTIF('11 - T3'!$F$19:$F$29,A39)+COUNTIF('11 - T3'!$H$19:$H$29,A39)+COUNTIF('12 - T4'!$D$3:$D$17,A39)+COUNTIF('12 - T4'!$F$3:$F$17,A39)+COUNTIF('12 - T4'!$H$3:$H$17,A39)+COUNTIF('12 - T4'!$D$19:$D$29,A39)+COUNTIF('12 - T4'!$F$19:$F$29,A39)+COUNTIF('12 - T4'!$H$19:$H$29,A39)+COUNTIF('13 - T5'!$D$3:$D$17,A39)+COUNTIF('13 - T5'!$F$3:$F$17,A39)+COUNTIF('13 - T5'!$H$3:$H$17,A39)+COUNTIF('13 - T5'!$D$19:$D$29,A39)+COUNTIF('13 - T5'!$F$19:$F$29,A39)+COUNTIF('13 - T5'!$H$19:$H$29,A39)+COUNTIF('14 - T6'!$D$3:$D$17,A39)+COUNTIF('14 - T6'!$F$3:$F$17,A39)+COUNTIF('14 - T6'!$H$3:$H$17,A39)+COUNTIF('14 - T6'!$D$19:$D$29,A39)+COUNTIF('14 - T6'!$F$19:$F$29,A39)+COUNTIF('14 - T6'!$H$19:$H$29,A39)+COUNTIF('15 - T7'!$D$3:$D$17,A39)+COUNTIF('15 - T7'!$F$3:$F$17,A39)+COUNTIF('15 - T7'!$H$3:$H$17,A39)+COUNTIF('15 - T7'!$D$19:$D$29,A39)+COUNTIF('15 - T7'!$F$19:$F$29,A39)+COUNTIF('15 - T7'!$H$19:$H$29,A39)+COUNTIF('16 - CN'!$D$3:$D$17,A39)+COUNTIF('16 - CN'!$F$3:$F$17,A39)+COUNTIF('16 - CN'!$H$3:$H$17,A39)+COUNTIF('16 - CN'!$D$19:$D$29,A39)+COUNTIF('16 - CN'!$F$19:$F$29,A39)+COUNTIF('16 - CN'!$H$19:$H$29,A39)+COUNTIF('17 - T2'!$D$3:$D$17,A39)+COUNTIF('17 - T2'!$F$3:$F$17,A39)+COUNTIF('17 - T2'!$H$3:$H$17,A39)+COUNTIF('17 - T2'!$D$19:$D$29,A39)+COUNTIF('17 - T2'!$F$19:$F$29,A39)+COUNTIF('17 - T2'!$H$19:$H$29,A39)+COUNTIF('18 - T3'!$D$3:$D$17,A39)+COUNTIF('18 - T3'!$F$3:$F$17,A39)+COUNTIF('18 - T3'!$H$3:$H$17,A39)+COUNTIF('18 - T3'!$D$19:$D$29,A39)+COUNTIF('18 - T3'!$F$19:$F$29,A39)+COUNTIF('18 - T3'!$H$19:$H$29,A39)+COUNTIF('19 - T4'!$D$3:$D$17,A39)+COUNTIF('19 - T4'!$F$3:$F$17,A39)+COUNTIF('19 - T4'!$H$3:$H$17,A39)+COUNTIF('19 - T4'!$D$19:$D$29,A39)+COUNTIF('19 - T4'!$F$19:$F$29,A39)+COUNTIF('19 - T4'!$H$19:$H$29,A39)+COUNTIF('20 - T5'!$D$3:$D$17,A39)+COUNTIF('20 - T5'!$F$3:$F$17,A39)+COUNTIF('20 - T5'!$H$3:$H$17,A39)+COUNTIF('20 - T5'!$D$19:$D$29,A39)+COUNTIF('20 - T5'!$F$19:$F$29,A39)+COUNTIF('20 - T5'!$H$19:$H$29,A39)+COUNTIF('21 - T6'!$D$3:$D$17,A39)+COUNTIF('21 - T6'!$F$3:$F$17,A39)+COUNTIF('21 - T6'!$H$3:$H$17,A39)+COUNTIF('21 - T6'!$D$19:$D$29,A39)+COUNTIF('21 - T6'!$F$19:$F$29,A39)+COUNTIF('21 - T6'!$H$19:$H$29,A39)+COUNTIF('22 - T7'!$D$3:$D$17,A39)+COUNTIF('22 - T7'!$F$3:$F$17,A39)+COUNTIF('22 - T7'!$H$3:$H$17,A39)+COUNTIF('22 - T7'!$D$19:$D$29,A39)+COUNTIF('22 - T7'!$F$19:$F$29,A39)+COUNTIF('22 - T7'!$H$19:$H$29,A39)+COUNTIF('23 - CN'!$D$3:$D$17,A39)+COUNTIF('23 - CN'!$F$3:$F$17,A39)+COUNTIF('23 - CN'!$H$3:$H$17,A39)+COUNTIF('23 - CN'!$D$19:$D$29,A39)+COUNTIF('23 - CN'!$F$19:$F$29,A39)+COUNTIF('23 - CN'!$H$19:$H$29,A39)+COUNTIF('24 - T2'!$D$3:$D$17,A39)+COUNTIF('24 - T2'!$F$3:$F$17,A39)+COUNTIF('24 - T2'!$H$3:$H$17,A39)+COUNTIF('24 - T2'!$D$19:$D$29,A39)+COUNTIF('24 - T2'!$F$19:$F$29,A39)+COUNTIF('24 - T2'!$H$19:$H$29,A39)+COUNTIF('25 - T3'!$D$3:$D$17,A39)+COUNTIF('25 - T3'!$F$3:$F$17,A39)+COUNTIF('25 - T3'!$H$3:$H$17,A39)+COUNTIF('25 - T3'!$D$19:$D$29,A39)+COUNTIF('25 - T3'!$F$19:$F$29,A39)+COUNTIF('25 - T3'!$H$19:$H$29,A39)+COUNTIF('26 - T4'!$D$3:$D$17,A39)+COUNTIF('26 - T4'!$F$3:$F$17,A39)+COUNTIF('26 - T4'!$H$3:$H$17,A39)+COUNTIF('26 - T4'!$D$19:$D$29,A39)+COUNTIF('26 - T4'!$F$19:$F$29,A39)+COUNTIF('26 - T4'!$H$19:$H$29,A39)+COUNTIF('27 - T5'!$D$3:$D$17,A39)+COUNTIF('27 - T5'!$F$3:$F$17,A39)+COUNTIF('27 - T5'!$H$3:$H$17,A39)+COUNTIF('27 - T5'!$D$19:$D$29,A39)+COUNTIF('27 - T5'!$F$19:$F$29,A39)+COUNTIF('27 - T5'!$H$19:$H$29,A39)+COUNTIF('28 - T6'!$D$3:$D$17,A39)+COUNTIF('28 - T6'!$F$3:$F$17,A39)+COUNTIF('28 - T6'!$H$3:$H$17,A39)+COUNTIF('28 - T6'!$D$19:$D$29,A39)+COUNTIF('28 - T6'!$F$19:$F$29,A39)+COUNTIF('28 - T6'!$H$19:$H$29,A39)+COUNTIF('29 - T7'!$D$3:$D$17,A39)+COUNTIF('29 - T7'!$F$3:$F$17,A39)+COUNTIF('29 - T7'!$H$3:$H$17,A39)+COUNTIF('29 - T7'!$D$19:$D$29,A39)+COUNTIF('29 - T7'!$F$19:$F$29,A39)+COUNTIF('29 - T7'!$H$19:$H$29,A39)+COUNTIF('30 - CN'!$D$3:$D$17,A39)+COUNTIF('30 - CN'!$F$3:$F$17,A39)+COUNTIF('30 - CN'!$H$3:$H$17,A39)+COUNTIF('30 - CN'!$D$19:$D$29,A39)+COUNTIF('30 - CN'!$F$19:$F$29,A39)+COUNTIF('30 - CN'!$H$19:$H$29,A39)+COUNTIF('31 - T2'!$D$3:$D$17,A39)+COUNTIF('31 - T2'!$F$3:$F$17,A39)+COUNTIF('31 - T2'!$H$3:$H$17,A39)+COUNTIF('31 - T2'!$D$19:$D$29,A39)+COUNTIF('31 - T2'!$F$19:$F$29,A39)+COUNTIF('31 - T2'!$H$19:$H$29,A39) -> 35 | C39: =IF($B$42=0,"",B39/$B$42) -> 0.059021922
A40: Bả cải | B40: =COUNTIF('01 - T7'!$D$3:$D$17,A40)+COUNTIF('01 - T7'!$F$3:$F$17,A40)+COUNTIF('01 - T7'!$H$3:$H$17,A40)+COUNTIF('01 - T7'!$D$19:$D$29,A40)+COUNTIF('01 - T7'!$F$19:$F$29,A40)+COUNTIF('01 - T7'!$H$19:$H$29,A40)+COUNTIF('02 - CN'!$D$3:$D$17,A40)+COUNTIF('02 - CN'!$F$3:$F$17,A40)+COUNTIF('02 - CN'!$H$3:$H$17,A40)+COUNTIF('02 - CN'!$D$19:$D$29,A40)+COUNTIF('02 - CN'!$F$19:$F$29,A40)+COUNTIF('02 - CN'!$H$19:$H$29,A40)+COUNTIF('03 - T2'!$D$3:$D$17,A40)+COUNTIF('03 - T2'!$F$3:$F$17,A40)+COUNTIF('03 - T2'!$H$3:$H$17,A40)+COUNTIF('03 - T2'!$D$19:$D$29,A40)+COUNTIF('03 - T2'!$F$19:$F$29,A40)+COUNTIF('03 - T2'!$H$19:$H$29,A40)+COUNTIF('04 - T3'!$D$3:$D$17,A40)+COUNTIF('04 - T3'!$F$3:$F$17,A40)+COUNTIF('04 - T3'!$H$3:$H$17,A40)+COUNTIF('04 - T3'!$D$19:$D$29,A40)+COUNTIF('04 - T3'!$F$19:$F$29,A40)+COUNTIF('04 - T3'!$H$19:$H$29,A40)+COUNTIF('05 - T4'!$D$3:$D$17,A40)+COUNTIF('05 - T4'!$F$3:$F$17,A40)+COUNTIF('05 - T4'!$H$3:$H$17,A40)+COUNTIF('05 - T4'!$D$19:$D$29,A40)+COUNTIF('05 - T4'!$F$19:$F$29,A40)+COUNTIF('05 - T4'!$H$19:$H$29,A40)+COUNTIF('06 - T5'!$D$3:$D$17,A40)+COUNTIF('06 - T5'!$F$3:$F$17,A40)+COUNTIF('06 - T5'!$H$3:$H$17,A40)+COUNTIF('06 - T5'!$D$19:$D$29,A40)+COUNTIF('06 - T5'!$F$19:$F$29,A40)+COUNTIF('06 - T5'!$H$19:$H$29,A40)+COUNTIF('07 - T6'!$D$3:$D$17,A40)+COUNTIF('07 - T6'!$F$3:$F$17,A40)+COUNTIF('07 - T6'!$H$3:$H$17,A40)+COUNTIF('07 - T6'!$D$19:$D$29,A40)+COUNTIF('07 - T6'!$F$19:$F$29,A40)+COUNTIF('07 - T6'!$H$19:$H$29,A40)+COUNTIF('08 - T7'!$D$3:$D$17,A40)+COUNTIF('08 - T7'!$F$3:$F$17,A40)+COUNTIF('08 - T7'!$H$3:$H$17,A40)+COUNTIF('08 - T7'!$D$19:$D$29,A40)+COUNTIF('08 - T7'!$F$19:$F$29,A40)+COUNTIF('08 - T7'!$H$19:$H$29,A40)+COUNTIF('09 - CN'!$D$3:$D$17,A40)+COUNTIF('09 - CN'!$F$3:$F$17,A40)+COUNTIF('09 - CN'!$H$3:$H$17,A40)+COUNTIF('09 - CN'!$D$19:$D$29,A40)+COUNTIF('09 - CN'!$F$19:$F$29,A40)+COUNTIF('09 - CN'!$H$19:$H$29,A40)+COUNTIF('10 - T2'!$D$3:$D$17,A40)+COUNTIF('10 - T2'!$F$3:$F$17,A40)+COUNTIF('10 - T2'!$H$3:$H$17,A40)+COUNTIF('10 - T2'!$D$19:$D$29,A40)+COUNTIF('10 - T2'!$F$19:$F$29,A40)+COUNTIF('10 - T2'!$H$19:$H$29,A40)+COUNTIF('11 - T3'!$D$3:$D$17,A40)+COUNTIF('11 - T3'!$F$3:$F$17,A40)+COUNTIF('11 - T3'!$H$3:$H$17,A40)+COUNTIF('11 - T3'!$D$19:$D$29,A40)+COUNTIF('11 - T3'!$F$19:$F$29,A40)+COUNTIF('11 - T3'!$H$19:$H$29,A40)+COUNTIF('12 - T4'!$D$3:$D$17,A40)+COUNTIF('12 - T4'!$F$3:$F$17,A40)+COUNTIF('12 - T4'!$H$3:$H$17,A40)+COUNTIF('12 - T4'!$D$19:$D$29,A40)+COUNTIF('12 - T4'!$F$19:$F$29,A40)+COUNTIF('12 - T4'!$H$19:$H$29,A40)+COUNTIF('13 - T5'!$D$3:$D$17,A40)+COUNTIF('13 - T5'!$F$3:$F$17,A40)+COUNTIF('13 - T5'!$H$3:$H$17,A40)+COUNTIF('13 - T5'!$D$19:$D$29,A40)+COUNTIF('13 - T5'!$F$19:$F$29,A40)+COUNTIF('13 - T5'!$H$19:$H$29,A40)+COUNTIF('14 - T6'!$D$3:$D$17,A40)+COUNTIF('14 - T6'!$F$3:$F$17,A40)+COUNTIF('14 - T6'!$H$3:$H$17,A40)+COUNTIF('14 - T6'!$D$19:$D$29,A40)+COUNTIF('14 - T6'!$F$19:$F$29,A40)+COUNTIF('14 - T6'!$H$19:$H$29,A40)+COUNTIF('15 - T7'!$D$3:$D$17,A40)+COUNTIF('15 - T7'!$F$3:$F$17,A40)+COUNTIF('15 - T7'!$H$3:$H$17,A40)+COUNTIF('15 - T7'!$D$19:$D$29,A40)+COUNTIF('15 - T7'!$F$19:$F$29,A40)+COUNTIF('15 - T7'!$H$19:$H$29,A40)+COUNTIF('16 - CN'!$D$3:$D$17,A40)+COUNTIF('16 - CN'!$F$3:$F$17,A40)+COUNTIF('16 - CN'!$H$3:$H$17,A40)+COUNTIF('16 - CN'!$D$19:$D$29,A40)+COUNTIF('16 - CN'!$F$19:$F$29,A40)+COUNTIF('16 - CN'!$H$19:$H$29,A40)+COUNTIF('17 - T2'!$D$3:$D$17,A40)+COUNTIF('17 - T2'!$F$3:$F$17,A40)+COUNTIF('17 - T2'!$H$3:$H$17,A40)+COUNTIF('17 - T2'!$D$19:$D$29,A40)+COUNTIF('17 - T2'!$F$19:$F$29,A40)+COUNTIF('17 - T2'!$H$19:$H$29,A40)+COUNTIF('18 - T3'!$D$3:$D$17,A40)+COUNTIF('18 - T3'!$F$3:$F$17,A40)+COUNTIF('18 - T3'!$H$3:$H$17,A40)+COUNTIF('18 - T3'!$D$19:$D$29,A40)+COUNTIF('18 - T3'!$F$19:$F$29,A40)+COUNTIF('18 - T3'!$H$19:$H$29,A40)+COUNTIF('19 - T4'!$D$3:$D$17,A40)+COUNTIF('19 - T4'!$F$3:$F$17,A40)+COUNTIF('19 - T4'!$H$3:$H$17,A40)+COUNTIF('19 - T4'!$D$19:$D$29,A40)+COUNTIF('19 - T4'!$F$19:$F$29,A40)+COUNTIF('19 - T4'!$H$19:$H$29,A40)+COUNTIF('20 - T5'!$D$3:$D$17,A40)+COUNTIF('20 - T5'!$F$3:$F$17,A40)+COUNTIF('20 - T5'!$H$3:$H$17,A40)+COUNTIF('20 - T5'!$D$19:$D$29,A40)+COUNTIF('20 - T5'!$F$19:$F$29,A40)+COUNTIF('20 - T5'!$H$19:$H$29,A40)+COUNTIF('21 - T6'!$D$3:$D$17,A40)+COUNTIF('21 - T6'!$F$3:$F$17,A40)+COUNTIF('21 - T6'!$H$3:$H$17,A40)+COUNTIF('21 - T6'!$D$19:$D$29,A40)+COUNTIF('21 - T6'!$F$19:$F$29,A40)+COUNTIF('21 - T6'!$H$19:$H$29,A40)+COUNTIF('22 - T7'!$D$3:$D$17,A40)+COUNTIF('22 - T7'!$F$3:$F$17,A40)+COUNTIF('22 - T7'!$H$3:$H$17,A40)+COUNTIF('22 - T7'!$D$19:$D$29,A40)+COUNTIF('22 - T7'!$F$19:$F$29,A40)+COUNTIF('22 - T7'!$H$19:$H$29,A40)+COUNTIF('23 - CN'!$D$3:$D$17,A40)+COUNTIF('23 - CN'!$F$3:$F$17,A40)+COUNTIF('23 - CN'!$H$3:$H$17,A40)+COUNTIF('23 - CN'!$D$19:$D$29,A40)+COUNTIF('23 - CN'!$F$19:$F$29,A40)+COUNTIF('23 - CN'!$H$19:$H$29,A40)+COUNTIF('24 - T2'!$D$3:$D$17,A40)+COUNTIF('24 - T2'!$F$3:$F$17,A40)+COUNTIF('24 - T2'!$H$3:$H$17,A40)+COUNTIF('24 - T2'!$D$19:$D$29,A40)+COUNTIF('24 - T2'!$F$19:$F$29,A40)+COUNTIF('24 - T2'!$H$19:$H$29,A40)+COUNTIF('25 - T3'!$D$3:$D$17,A40)+COUNTIF('25 - T3'!$F$3:$F$17,A40)+COUNTIF('25 - T3'!$H$3:$H$17,A40)+COUNTIF('25 - T3'!$D$19:$D$29,A40)+COUNTIF('25 - T3'!$F$19:$F$29,A40)+COUNTIF('25 - T3'!$H$19:$H$29,A40)+COUNTIF('26 - T4'!$D$3:$D$17,A40)+COUNTIF('26 - T4'!$F$3:$F$17,A40)+COUNTIF('26 - T4'!$H$3:$H$17,A40)+COUNTIF('26 - T4'!$D$19:$D$29,A40)+COUNTIF('26 - T4'!$F$19:$F$29,A40)+COUNTIF('26 - T4'!$H$19:$H$29,A40)+COUNTIF('27 - T5'!$D$3:$D$17,A40)+COUNTIF('27 - T5'!$F$3:$F$17,A40)+COUNTIF('27 - T5'!$H$3:$H$17,A40)+COUNTIF('27 - T5'!$D$19:$D$29,A40)+COUNTIF('27 - T5'!$F$19:$F$29,A40)+COUNTIF('27 - T5'!$H$19:$H$29,A40)+COUNTIF('28 - T6'!$D$3:$D$17,A40)+COUNTIF('28 - T6'!$F$3:$F$17,A40)+COUNTIF('28 - T6'!$H$3:$H$17,A40)+COUNTIF('28 - T6'!$D$19:$D$29,A40)+COUNTIF('28 - T6'!$F$19:$F$29,A40)+COUNTIF('28 - T6'!$H$19:$H$29,A40)+COUNTIF('29 - T7'!$D$3:$D$17,A40)+COUNTIF('29 - T7'!$F$3:$F$17,A40)+COUNTIF('29 - T7'!$H$3:$H$17,A40)+COUNTIF('29 - T7'!$D$19:$D$29,A40)+COUNTIF('29 - T7'!$F$19:$F$29,A40)+COUNTIF('29 - T7'!$H$19:$H$29,A40)+COUNTIF('30 - CN'!$D$3:$D$17,A40)+COUNTIF('30 - CN'!$F$3:$F$17,A40)+COUNTIF('30 - CN'!$H$3:$H$17,A40)+COUNTIF('30 - CN'!$D$19:$D$29,A40)+COUNTIF('30 - CN'!$F$19:$F$29,A40)+COUNTIF('30 - CN'!$H$19:$H$29,A40)+COUNTIF('31 - T2'!$D$3:$D$17,A40)+COUNTIF('31 - T2'!$F$3:$F$17,A40)+COUNTIF('31 - T2'!$H$3:$H$17,A40)+COUNTIF('31 - T2'!$D$19:$D$29,A40)+COUNTIF('31 - T2'!$F$19:$F$29,A40)+COUNTIF('31 - T2'!$H$19:$H$29,A40) -> 12 | C40: =IF($B$42=0,"",B40/$B$42) -> 0.020236088
A41: Cám cọ | B41: =COUNTIF('01 - T7'!$D$3:$D$17,A41)+COUNTIF('01 - T7'!$F$3:$F$17,A41)+COUNTIF('01 - T7'!$H$3:$H$17,A41)+COUNTIF('01 - T7'!$D$19:$D$29,A41)+COUNTIF('01 - T7'!$F$19:$F$29,A41)+COUNTIF('01 - T7'!$H$19:$H$29,A41)+COUNTIF('02 - CN'!$D$3:$D$17,A41)+COUNTIF('02 - CN'!$F$3:$F$17,A41)+COUNTIF('02 - CN'!$H$3:$H$17,A41)+COUNTIF('02 - CN'!$D$19:$D$29,A41)+COUNTIF('02 - CN'!$F$19:$F$29,A41)+COUNTIF('02 - CN'!$H$19:$H$29,A41)+COUNTIF('03 - T2'!$D$3:$D$17,A41)+COUNTIF('03 - T2'!$F$3:$F$17,A41)+COUNTIF('03 - T2'!$H$3:$H$17,A41)+COUNTIF('03 - T2'!$D$19:$D$29,A41)+COUNTIF('03 - T2'!$F$19:$F$29,A41)+COUNTIF('03 - T2'!$H$19:$H$29,A41)+COUNTIF('04 - T3'!$D$3:$D$17,A41)+COUNTIF('04 - T3'!$F$3:$F$17,A41)+COUNTIF('04 - T3'!$H$3:$H$17,A41)+COUNTIF('04 - T3'!$D$19:$D$29,A41)+COUNTIF('04 - T3'!$F$19:$F$29,A41)+COUNTIF('04 - T3'!$H$19:$H$29,A41)+COUNTIF('05 - T4'!$D$3:$D$17,A41)+COUNTIF('05 - T4'!$F$3:$F$17,A41)+COUNTIF('05 - T4'!$H$3:$H$17,A41)+COUNTIF('05 - T4'!$D$19:$D$29,A41)+COUNTIF('05 - T4'!$F$19:$F$29,A41)+COUNTIF('05 - T4'!$H$19:$H$29,A41)+COUNTIF('06 - T5'!$D$3:$D$17,A41)+COUNTIF('06 - T5'!$F$3:$F$17,A41)+COUNTIF('06 - T5'!$H$3:$H$17,A41)+COUNTIF('06 - T5'!$D$19:$D$29,A41)+COUNTIF('06 - T5'!$F$19:$F$29,A41)+COUNTIF('06 - T5'!$H$19:$H$29,A41)+COUNTIF('07 - T6'!$D$3:$D$17,A41)+COUNTIF('07 - T6'!$F$3:$F$17,A41)+COUNTIF('07 - T6'!$H$3:$H$17,A41)+COUNTIF('07 - T6'!$D$19:$D$29,A41)+COUNTIF('07 - T6'!$F$19:$F$29,A41)+COUNTIF('07 - T6'!$H$19:$H$29,A41)+COUNTIF('08 - T7'!$D$3:$D$17,A41)+COUNTIF('08 - T7'!$F$3:$F$17,A41)+COUNTIF('08 - T7'!$H$3:$H$17,A41)+COUNTIF('08 - T7'!$D$19:$D$29,A41)+COUNTIF('08 - T7'!$F$19:$F$29,A41)+COUNTIF('08 - T7'!$H$19:$H$29,A41)+COUNTIF('09 - CN'!$D$3:$D$17,A41)+COUNTIF('09 - CN'!$F$3:$F$17,A41)+COUNTIF('09 - CN'!$H$3:$H$17,A41)+COUNTIF('09 - CN'!$D$19:$D$29,A41)+COUNTIF('09 - CN'!$F$19:$F$29,A41)+COUNTIF('09 - CN'!$H$19:$H$29,A41)+COUNTIF('10 - T2'!$D$3:$D$17,A41)+COUNTIF('10 - T2'!$F$3:$F$17,A41)+COUNTIF('10 - T2'!$H$3:$H$17,A41)+COUNTIF('10 - T2'!$D$19:$D$29,A41)+COUNTIF('10 - T2'!$F$19:$F$29,A41)+COUNTIF('10 - T2'!$H$19:$H$29,A41)+COUNTIF('11 - T3'!$D$3:$D$17,A41)+COUNTIF('11 - T3'!$F$3:$F$17,A41)+COUNTIF('11 - T3'!$H$3:$H$17,A41)+COUNTIF('11 - T3'!$D$19:$D$29,A41)+COUNTIF('11 - T3'!$F$19:$F$29,A41)+COUNTIF('11 - T3'!$H$19:$H$29,A41)+COUNTIF('12 - T4'!$D$3:$D$17,A41)+COUNTIF('12 - T4'!$F$3:$F$17,A41)+COUNTIF('12 - T4'!$H$3:$H$17,A41)+COUNTIF('12 - T4'!$D$19:$D$29,A41)+COUNTIF('12 - T4'!$F$19:$F$29,A41)+COUNTIF('12 - T4'!$H$19:$H$29,A41)+COUNTIF('13 - T5'!$D$3:$D$17,A41)+COUNTIF('13 - T5'!$F$3:$F$17,A41)+COUNTIF('13 - T5'!$H$3:$H$17,A41)+COUNTIF('13 - T5'!$D$19:$D$29,A41)+COUNTIF('13 - T5'!$F$19:$F$29,A41)+COUNTIF('13 - T5'!$H$19:$H$29,A41)+COUNTIF('14 - T6'!$D$3:$D$17,A41)+COUNTIF('14 - T6'!$F$3:$F$17,A41)+COUNTIF('14 - T6'!$H$3:$H$17,A41)+COUNTIF('14 - T6'!$D$19:$D$29,A41)+COUNTIF('14 - T6'!$F$19:$F$29,A41)+COUNTIF('14 - T6'!$H$19:$H$29,A41)+COUNTIF('15 - T7'!$D$3:$D$17,A41)+COUNTIF('15 - T7'!$F$3:$F$17,A41)+COUNTIF('15 - T7'!$H$3:$H$17,A41)+COUNTIF('15 - T7'!$D$19:$D$29,A41)+COUNTIF('15 - T7'!$F$19:$F$29,A41)+COUNTIF('15 - T7'!$H$19:$H$29,A41)+COUNTIF('16 - CN'!$D$3:$D$17,A41)+COUNTIF('16 - CN'!$F$3:$F$17,A41)+COUNTIF('16 - CN'!$H$3:$H$17,A41)+COUNTIF('16 - CN'!$D$19:$D$29,A41)+COUNTIF('16 - CN'!$F$19:$F$29,A41)+COUNTIF('16 - CN'!$H$19:$H$29,A41)+COUNTIF('17 - T2'!$D$3:$D$17,A41)+COUNTIF('17 - T2'!$F$3:$F$17,A41)+COUNTIF('17 - T2'!$H$3:$H$17,A41)+COUNTIF('17 - T2'!$D$19:$D$29,A41)+COUNTIF('17 - T2'!$F$19:$F$29,A41)+COUNTIF('17 - T2'!$H$19:$H$29,A41)+COUNTIF('18 - T3'!$D$3:$D$17,A41)+COUNTIF('18 - T3'!$F$3:$F$17,A41)+COUNTIF('18 - T3'!$H$3:$H$17,A41)+COUNTIF('18 - T3'!$D$19:$D$29,A41)+COUNTIF('18 - T3'!$F$19:$F$29,A41)+COUNTIF('18 - T3'!$H$19:$H$29,A41)+COUNTIF('19 - T4'!$D$3:$D$17,A41)+COUNTIF('19 - T4'!$F$3:$F$17,A41)+COUNTIF('19 - T4'!$H$3:$H$17,A41)+COUNTIF('19 - T4'!$D$19:$D$29,A41)+COUNTIF('19 - T4'!$F$19:$F$29,A41)+COUNTIF('19 - T4'!$H$19:$H$29,A41)+COUNTIF('20 - T5'!$D$3:$D$17,A41)+COUNTIF('20 - T5'!$F$3:$F$17,A41)+COUNTIF('20 - T5'!$H$3:$H$17,A41)+COUNTIF('20 - T5'!$D$19:$D$29,A41)+COUNTIF('20 - T5'!$F$19:$F$29,A41)+COUNTIF('20 - T5'!$H$19:$H$29,A41)+COUNTIF('21 - T6'!$D$3:$D$17,A41)+COUNTIF('21 - T6'!$F$3:$F$17,A41)+COUNTIF('21 - T6'!$H$3:$H$17,A41)+COUNTIF('21 - T6'!$D$19:$D$29,A41)+COUNTIF('21 - T6'!$F$19:$F$29,A41)+COUNTIF('21 - T6'!$H$19:$H$29,A41)+COUNTIF('22 - T7'!$D$3:$D$17,A41)+COUNTIF('22 - T7'!$F$3:$F$17,A41)+COUNTIF('22 - T7'!$H$3:$H$17,A41)+COUNTIF('22 - T7'!$D$19:$D$29,A41)+COUNTIF('22 - T7'!$F$19:$F$29,A41)+COUNTIF('22 - T7'!$H$19:$H$29,A41)+COUNTIF('23 - CN'!$D$3:$D$17,A41)+COUNTIF('23 - CN'!$F$3:$F$17,A41)+COUNTIF('23 - CN'!$H$3:$H$17,A41)+COUNTIF('23 - CN'!$D$19:$D$29,A41)+COUNTIF('23 - CN'!$F$19:$F$29,A41)+COUNTIF('23 - CN'!$H$19:$H$29,A41)+COUNTIF('24 - T2'!$D$3:$D$17,A41)+COUNTIF('24 - T2'!$F$3:$F$17,A41)+COUNTIF('24 - T2'!$H$3:$H$17,A41)+COUNTIF('24 - T2'!$D$19:$D$29,A41)+COUNTIF('24 - T2'!$F$19:$F$29,A41)+COUNTIF('24 - T2'!$H$19:$H$29,A41)+COUNTIF('25 - T3'!$D$3:$D$17,A41)+COUNTIF('25 - T3'!$F$3:$F$17,A41)+COUNTIF('25 - T3'!$H$3:$H$17,A41)+COUNTIF('25 - T3'!$D$19:$D$29,A41)+COUNTIF('25 - T3'!$F$19:$F$29,A41)+COUNTIF('25 - T3'!$H$19:$H$29,A41)+COUNTIF('26 - T4'!$D$3:$D$17,A41)+COUNTIF('26 - T4'!$F$3:$F$17,A41)+COUNTIF('26 - T4'!$H$3:$H$17,A41)+COUNTIF('26 - T4'!$D$19:$D$29,A41)+COUNTIF('26 - T4'!$F$19:$F$29,A41)+COUNTIF('26 - T4'!$H$19:$H$29,A41)+COUNTIF('27 - T5'!$D$3:$D$17,A41)+COUNTIF('27 - T5'!$F$3:$F$17,A41)+COUNTIF('27 - T5'!$H$3:$H$17,A41)+COUNTIF('27 - T5'!$D$19:$D$29,A41)+COUNTIF('27 - T5'!$F$19:$F$29,A41)+COUNTIF('27 - T5'!$H$19:$H$29,A41)+COUNTIF('28 - T6'!$D$3:$D$17,A41)+COUNTIF('28 - T6'!$F$3:$F$17,A41)+COUNTIF('28 - T6'!$H$3:$H$17,A41)+COUNTIF('28 - T6'!$D$19:$D$29,A41)+COUNTIF('28 - T6'!$F$19:$F$29,A41)+COUNTIF('28 - T6'!$H$19:$H$29,A41)+COUNTIF('29 - T7'!$D$3:$D$17,A41)+COUNTIF('29 - T7'!$F$3:$F$17,A41)+COUNTIF('29 - T7'!$H$3:$H$17,A41)+COUNTIF('29 - T7'!$D$19:$D$29,A41)+COUNTIF('29 - T7'!$F$19:$F$29,A41)+COUNTIF('29 - T7'!$H$19:$H$29,A41)+COUNTIF('30 - CN'!$D$3:$D$17,A41)+COUNTIF('30 - CN'!$F$3:$F$17,A41)+COUNTIF('30 - CN'!$H$3:$H$17,A41)+COUNTIF('30 - CN'!$D$19:$D$29,A41)+COUNTIF('30 - CN'!$F$19:$F$29,A41)+COUNTIF('30 - CN'!$H$19:$H$29,A41)+COUNTIF('31 - T2'!$D$3:$D$17,A41)+COUNTIF('31 - T2'!$F$3:$F$17,A41)+COUNTIF('31 - T2'!$H$3:$H$17,A41)+COUNTIF('31 - T2'!$D$19:$D$29,A41)+COUNTIF('31 - T2'!$F$19:$F$29,A41)+COUNTIF('31 - T2'!$H$19:$H$29,A41) -> 121 | C41: =IF($B$42=0,"",B41/$B$42) -> 0.20404722
A42: TỔNG | B42: =SUM(B35:B41) -> 593
A44: ĐÁNH GIÁ TĂNG BO — XE BEN
A45: Biển số | B45: Chuyến tăng bo | C45: %
A46: 63H04273 | B46: =SUMIF('01 - T7'!$B$33:$B$40,A46,'01 - T7'!$F$33:$F$40)+SUMIF('02 - CN'!$B$33:$B$40,A46,'02 - CN'!$F$33:$F$40)+SUMIF('03 - T2'!$B$33:$B$40,A46,'03 - T2'!$F$33:$F$40)+SUMIF('04 - T3'!$B$33:$B$40,A46,'04 - T3'!$F$33:$F$40)+SUMIF('05 - T4'!$B$33:$B$40,A46,'05 - T4'!$F$33:$F$40)+SUMIF('06 - T5'!$B$33:$B$40,A46,'06 - T5'!$F$33:$F$40)+SUMIF('07 - T6'!$B$33:$B$40,A46,'07 - T6'!$F$33:$F$40)+SUMIF('08 - T7'!$B$33:$B$40,A46,'08 - T7'!$F$33:$F$40)+SUMIF('09 - CN'!$B$33:$B$40,A46,'09 - CN'!$F$33:$F$40)+SUMIF('10 - T2'!$B$33:$B$40,A46,'10 - T2'!$F$33:$F$40)+SUMIF('11 - T3'!$B$33:$B$40,A46,'11 - T3'!$F$33:$F$40)+SUMIF('12 - T4'!$B$33:$B$40,A46,'12 - T4'!$F$33:$F$40)+SUMIF('13 - T5'!$B$33:$B$40,A46,'13 - T5'!$F$33:$F$40)+SUMIF('14 - T6'!$B$33:$B$40,A46,'14 - T6'!$F$33:$F$40)+SUMIF('15 - T7'!$B$33:$B$40,A46,'15 - T7'!$F$33:$F$40)+SUMIF('16 - CN'!$B$33:$B$40,A46,'16 - CN'!$F$33:$F$40)+SUMIF('17 - T2'!$B$33:$B$40,A46,'17 - T2'!$F$33:$F$40)+SUMIF('18 - T3'!$B$33:$B$40,A46,'18 - T3'!$F$33:$F$40)+SUMIF('19 - T4'!$B$33:$B$40,A46,'19 - T4'!$F$33:$F$40)+SUMIF('20 - T5'!$B$33:$B$40,A46,'20 - T5'!$F$33:$F$40)+SUMIF('21 - T6'!$B$33:$B$40,A46,'21 - T6'!$F$33:$F$40)+SUMIF('22 - T7'!$B$33:$B$40,A46,'22 - T7'!$F$33:$F$40)+SUMIF('23 - CN'!$B$33:$B$40,A46,'23 - CN'!$F$33:$F$40)+SUMIF('24 - T2'!$B$33:$B$40,A46,'24 - T2'!$F$33:$F$40)+SUMIF('25 - T3'!$B$33:$B$40,A46,'25 - T3'!$F$33:$F$40)+SUMIF('26 - T4'!$B$33:$B$40,A46,'26 - T4'!$F$33:$F$40)+SUMIF('27 - T5'!$B$33:$B$40,A46,'27 - T5'!$F$33:$F$40)+SUMIF('28 - T6'!$B$33:$B$40,A46,'28 - T6'!$F$33:$F$40)+SUMIF('29 - T7'!$B$33:$B$40,A46,'29 - T7'!$F$33:$F$40)+SUMIF('30 - CN'!$B$33:$B$40,A46,'30 - CN'!$F$33:$F$40)+SUMIF('31 - T2'!$B$33:$B$40,A46,'31 - T2'!$F$33:$F$40) -> 13 | C46: =IF($B$61=0,"",B46/$B$61) -> 0.1015625
A47: 63G00286 | B47: =SUMIF('01 - T7'!$B$33:$B$40,A47,'01 - T7'!$F$33:$F$40)+SUMIF('02 - CN'!$B$33:$B$40,A47,'02 - CN'!$F$33:$F$40)+SUMIF('03 - T2'!$B$33:$B$40,A47,'03 - T2'!$F$33:$F$40)+SUMIF('04 - T3'!$B$33:$B$40,A47,'04 - T3'!$F$33:$F$40)+SUMIF('05 - T4'!$B$33:$B$40,A47,'05 - T4'!$F$33:$F$40)+SUMIF('06 - T5'!$B$33:$B$40,A47,'06 - T5'!$F$33:$F$40)+SUMIF('07 - T6'!$B$33:$B$40,A47,'07 - T6'!$F$33:$F$40)+SUMIF('08 - T7'!$B$33:$B$40,A47,'08 - T7'!$F$33:$F$40)+SUMIF('09 - CN'!$B$33:$B$40,A47,'09 - CN'!$F$33:$F$40)+SUMIF('10 - T2'!$B$33:$B$40,A47,'10 - T2'!$F$33:$F$40)+SUMIF('11 - T3'!$B$33:$B$40,A47,'11 - T3'!$F$33:$F$40)+SUMIF('12 - T4'!$B$33:$B$40,A47,'12 - T4'!$F$33:$F$40)+SUMIF('13 - T5'!$B$33:$B$40,A47,'13 - T5'!$F$33:$F$40)+SUMIF('14 - T6'!$B$33:$B$40,A47,'14 - T6'!$F$33:$F$40)+SUMIF('15 - T7'!$B$33:$B$40,A47,'15 - T7'!$F$33:$F$40)+SUMIF('16 - CN'!$B$33:$B$40,A47,'16 - CN'!$F$33:$F$40)+SUMIF('17 - T2'!$B$33:$B$40,A47,'17 - T2'!$F$33:$F$40)+SUMIF('18 - T3'!$B$33:$B$40,A47,'18 - T3'!$F$33:$F$40)+SUMIF('19 - T4'!$B$33:$B$40,A47,'19 - T4'!$F$33:$F$40)+SUMIF('20 - T5'!$B$33:$B$40,A47,'20 - T5'!$F$33:$F$40)+SUMIF('21 - T6'!$B$33:$B$40,A47,'21 - T6'!$F$33:$F$40)+SUMIF('22 - T7'!$B$33:$B$40,A47,'22 - T7'!$F$33:$F$40)+SUMIF('23 - CN'!$B$33:$B$40,A47,'23 - CN'!$F$33:$F$40)+SUMIF('24 - T2'!$B$33:$B$40,A47,'24 - T2'!$F$33:$F$40)+SUMIF('25 - T3'!$B$33:$B$40,A47,'25 - T3'!$F$33:$F$40)+SUMIF('26 - T4'!$B$33:$B$40,A47,'26 - T4'!$F$33:$F$40)+SUMIF('27 - T5'!$B$33:$B$40,A47,'27 - T5'!$F$33:$F$40)+SUMIF('28 - T6'!$B$33:$B$40,A47,'28 - T6'!$F$33:$F$40)+SUMIF('29 - T7'!$B$33:$B$40,A47,'29 - T7'!$F$33:$F$40)+SUMIF('30 - CN'!$B$33:$B$40,A47,'30 - CN'!$F$33:$F$40)+SUMIF('31 - T2'!$B$33:$B$40,A47,'31 - T2'!$F$33:$F$40) -> 0 | C47: =IF($B$61=0,"",B47/$B$61) -> 0
A48: 63E01156 | B48: =SUMIF('01 - T7'!$B$33:$B$40,A48,'01 - T7'!$F$33:$F$40)+SUMIF('02 - CN'!$B$33:$B$40,A48,'02 - CN'!$F$33:$F$40)+SUMIF('03 - T2'!$B$33:$B$40,A48,'03 - T2'!$F$33:$F$40)+SUMIF('04 - T3'!$B$33:$B$40,A48,'04 - T3'!$F$33:$F$40)+SUMIF('05 - T4'!$B$33:$B$40,A48,'05 - T4'!$F$33:$F$40)+SUMIF('06 - T5'!$B$33:$B$40,A48,'06 - T5'!$F$33:$F$40)+SUMIF('07 - T6'!$B$33:$B$40,A48,'07 - T6'!$F$33:$F$40)+SUMIF('08 - T7'!$B$33:$B$40,A48,'08 - T7'!$F$33:$F$40)+SUMIF('09 - CN'!$B$33:$B$40,A48,'09 - CN'!$F$33:$F$40)+SUMIF('10 - T2'!$B$33:$B$40,A48,'10 - T2'!$F$33:$F$40)+SUMIF('11 - T3'!$B$33:$B$40,A48,'11 - T3'!$F$33:$F$40)+SUMIF('12 - T4'!$B$33:$B$40,A48,'12 - T4'!$F$33:$F$40)+SUMIF('13 - T5'!$B$33:$B$40,A48,'13 - T5'!$F$33:$F$40)+SUMIF('14 - T6'!$B$33:$B$40,A48,'14 - T6'!$F$33:$F$40)+SUMIF('15 - T7'!$B$33:$B$40,A48,'15 - T7'!$F$33:$F$40)+SUMIF('16 - CN'!$B$33:$B$40,A48,'16 - CN'!$F$33:$F$40)+SUMIF('17 - T2'!$B$33:$B$40,A48,'17 - T2'!$F$33:$F$40)+SUMIF('18 - T3'!$B$33:$B$40,A48,'18 - T3'!$F$33:$F$40)+SUMIF('19 - T4'!$B$33:$B$40,A48,'19 - T4'!$F$33:$F$40)+SUMIF('20 - T5'!$B$33:$B$40,A48,'20 - T5'!$F$33:$F$40)+SUMIF('21 - T6'!$B$33:$B$40,A48,'21 - T6'!$F$33:$F$40)+SUMIF('22 - T7'!$B$33:$B$40,A48,'22 - T7'!$F$33:$F$40)+SUMIF('23 - CN'!$B$33:$B$40,A48,'23 - CN'!$F$33:$F$40)+SUMIF('24 - T2'!$B$33:$B$40,A48,'24 - T2'!$F$33:$F$40)+SUMIF('25 - T3'!$B$33:$B$40,A48,'25 - T3'!$F$33:$F$40)+SUMIF('26 - T4'!$B$33:$B$40,A48,'26 - T4'!$F$33:$F$40)+SUMIF('27 - T5'!$B$33:$B$40,A48,'27 - T5'!$F$33:$F$40)+SUMIF('28 - T6'!$B$33:$B$40,A48,'28 - T6'!$F$33:$F$40)+SUMIF('29 - T7'!$B$33:$B$40,A48,'29 - T7'!$F$33:$F$40)+SUMIF('30 - CN'!$B$33:$B$40,A48,'30 - CN'!$F$33:$F$40)+SUMIF('31 - T2'!$B$33:$B$40,A48,'31 - T2'!$F$33:$F$40) -> 6 | C48: =IF($B$61=0,"",B48/$B$61) -> 0.046875
A49: 63E01117 | B49: =SUMIF('01 - T7'!$B$33:$B$40,A49,'01 - T7'!$F$33:$F$40)+SUMIF('02 - CN'!$B$33:$B$40,A49,'02 - CN'!$F$33:$F$40)+SUMIF('03 - T2'!$B$33:$B$40,A49,'03 - T2'!$F$33:$F$40)+SUMIF('04 - T3'!$B$33:$B$40,A49,'04 - T3'!$F$33:$F$40)+SUMIF('05 - T4'!$B$33:$B$40,A49,'05 - T4'!$F$33:$F$40)+SUMIF('06 - T5'!$B$33:$B$40,A49,'06 - T5'!$F$33:$F$40)+SUMIF('07 - T6'!$B$33:$B$40,A49,'07 - T6'!$F$33:$F$40)+SUMIF('08 - T7'!$B$33:$B$40,A49,'08 - T7'!$F$33:$F$40)+SUMIF('09 - CN'!$B$33:$B$40,A49,'09 - CN'!$F$33:$F$40)+SUMIF('10 - T2'!$B$33:$B$40,A49,'10 - T2'!$F$33:$F$40)+SUMIF('11 - T3'!$B$33:$B$40,A49,'11 - T3'!$F$33:$F$40)+SUMIF('12 - T4'!$B$33:$B$40,A49,'12 - T4'!$F$33:$F$40)+SUMIF('13 - T5'!$B$33:$B$40,A49,'13 - T5'!$F$33:$F$40)+SUMIF('14 - T6'!$B$33:$B$40,A49,'14 - T6'!$F$33:$F$40)+SUMIF('15 - T7'!$B$33:$B$40,A49,'15 - T7'!$F$33:$F$40)+SUMIF('16 - CN'!$B$33:$B$40,A49,'16 - CN'!$F$33:$F$40)+SUMIF('17 - T2'!$B$33:$B$40,A49,'17 - T2'!$F$33:$F$40)+SUMIF('18 - T3'!$B$33:$B$40,A49,'18 - T3'!$F$33:$F$40)+SUMIF('19 - T4'!$B$33:$B$40,A49,'19 - T4'!$F$33:$F$40)+SUMIF('20 - T5'!$B$33:$B$40,A49,'20 - T5'!$F$33:$F$40)+SUMIF('21 - T6'!$B$33:$B$40,A49,'21 - T6'!$F$33:$F$40)+SUMIF('22 - T7'!$B$33:$B$40,A49,'22 - T7'!$F$33:$F$40)+SUMIF('23 - CN'!$B$33:$B$40,A49,'23 - CN'!$F$33:$F$40)+SUMIF('24 - T2'!$B$33:$B$40,A49,'24 - T2'!$F$33:$F$40)+SUMIF('25 - T3'!$B$33:$B$40,A49,'25 - T3'!$F$33:$F$40)+SUMIF('26 - T4'!$B$33:$B$40,A49,'26 - T4'!$F$33:$F$40)+SUMIF('27 - T5'!$B$33:$B$40,A49,'27 - T5'!$F$33:$F$40)+SUMIF('28 - T6'!$B$33:$B$40,A49,'28 - T6'!$F$33:$F$40)+SUMIF('29 - T7'!$B$33:$B$40,A49,'29 - T7'!$F$33:$F$40)+SUMIF('30 - CN'!$B$33:$B$40,A49,'30 - CN'!$F$33:$F$40)+SUMIF('31 - T2'!$B$33:$B$40,A49,'31 - T2'!$F$33:$F$40) -> 4 | C49: =IF($B$61=0,"",B49/$B$61) -> 0.03125
A50: 63E01108 | B50: =SUMIF('01 - T7'!$B$33:$B$40,A50,'01 - T7'!$F$33:$F$40)+SUMIF('02 - CN'!$B$33:$B$40,A50,'02 - CN'!$F$33:$F$40)+SUMIF('03 - T2'!$B$33:$B$40,A50,'03 - T2'!$F$33:$F$40)+SUMIF('04 - T3'!$B$33:$B$40,A50,'04 - T3'!$F$33:$F$40)+SUMIF('05 - T4'!$B$33:$B$40,A50,'05 - T4'!$F$33:$F$40)+SUMIF('06 - T5'!$B$33:$B$40,A50,'06 - T5'!$F$33:$F$40)+SUMIF('07 - T6'!$B$33:$B$40,A50,'07 - T6'!$F$33:$F$40)+SUMIF('08 - T7'!$B$33:$B$40,A50,'08 - T7'!$F$33:$F$40)+SUMIF('09 - CN'!$B$33:$B$40,A50,'09 - CN'!$F$33:$F$40)+SUMIF('10 - T2'!$B$33:$B$40,A50,'10 - T2'!$F$33:$F$40)+SUMIF('11 - T3'!$B$33:$B$40,A50,'11 - T3'!$F$33:$F$40)+SUMIF('12 - T4'!$B$33:$B$40,A50,'12 - T4'!$F$33:$F$40)+SUMIF('13 - T5'!$B$33:$B$40,A50,'13 - T5'!$F$33:$F$40)+SUMIF('14 - T6'!$B$33:$B$40,A50,'14 - T6'!$F$33:$F$40)+SUMIF('15 - T7'!$B$33:$B$40,A50,'15 - T7'!$F$33:$F$40)+SUMIF('16 - CN'!$B$33:$B$40,A50,'16 - CN'!$F$33:$F$40)+SUMIF('17 - T2'!$B$33:$B$40,A50,'17 - T2'!$F$33:$F$40)+SUMIF('18 - T3'!$B$33:$B$40,A50,'18 - T3'!$F$33:$F$40)+SUMIF('19 - T4'!$B$33:$B$40,A50,'19 - T4'!$F$33:$F$40)+SUMIF('20 - T5'!$B$33:$B$40,A50,'20 - T5'!$F$33:$F$40)+SUMIF('21 - T6'!$B$33:$B$40,A50,'21 - T6'!$F$33:$F$40)+SUMIF('22 - T7'!$B$33:$B$40,A50,'22 - T7'!$F$33:$F$40)+SUMIF('23 - CN'!$B$33:$B$40,A50,'23 - CN'!$F$33:$F$40)+SUMIF('24 - T2'!$B$33:$B$40,A50,'24 - T2'!$F$33:$F$40)+SUMIF('25 - T3'!$B$33:$B$40,A50,'25 - T3'!$F$33:$F$40)+SUMIF('26 - T4'!$B$33:$B$40,A50,'26 - T4'!$F$33:$F$40)+SUMIF('27 - T5'!$B$33:$B$40,A50,'27 - T5'!$F$33:$F$40)+SUMIF('28 - T6'!$B$33:$B$40,A50,'28 - T6'!$F$33:$F$40)+SUMIF('29 - T7'!$B$33:$B$40,A50,'29 - T7'!$F$33:$F$40)+SUMIF('30 - CN'!$B$33:$B$40,A50,'30 - CN'!$F$33:$F$40)+SUMIF('31 - T2'!$B$33:$B$40,A50,'31 - T2'!$F$33:$F$40) -> 9 | C50: =IF($B$61=0,"",B50/$B$61) -> 0.0703125
A51: 63F00528 | B51: =SUMIF('01 - T7'!$B$33:$B$40,A51,'01 - T7'!$F$33:$F$40)+SUMIF('02 - CN'!$B$33:$B$40,A51,'02 - CN'!$F$33:$F$40)+SUMIF('03 - T2'!$B$33:$B$40,A51,'03 - T2'!$F$33:$F$40)+SUMIF('04 - T3'!$B$33:$B$40,A51,'04 - T3'!$F$33:$F$40)+SUMIF('05 - T4'!$B$33:$B$40,A51,'05 - T4'!$F$33:$F$40)+SUMIF('06 - T5'!$B$33:$B$40,A51,'06 - T5'!$F$33:$F$40)+SUMIF('07 - T6'!$B$33:$B$40,A51,'07 - T6'!$F$33:$F$40)+SUMIF('08 - T7'!$B$33:$B$40,A51,'08 - T7'!$F$33:$F$40)+SUMIF('09 - CN'!$B$33:$B$40,A51,'09 - CN'!$F$33:$F$40)+SUMIF('10 - T2'!$B$33:$B$40,A51,'10 - T2'!$F$33:$F$40)+SUMIF('11 - T3'!$B$33:$B$40,A51,'11 - T3'!$F$33:$F$40)+SUMIF('12 - T4'!$B$33:$B$40,A51,'12 - T4'!$F$33:$F$40)+SUMIF('13 - T5'!$B$33:$B$40,A51,'13 - T5'!$F$33:$F$40)+SUMIF('14 - T6'!$B$33:$B$40,A51,'14 - T6'!$F$33:$F$40)+SUMIF('15 - T7'!$B$33:$B$40,A51,'15 - T7'!$F$33:$F$40)+SUMIF('16 - CN'!$B$33:$B$40,A51,'16 - CN'!$F$33:$F$40)+SUMIF('17 - T2'!$B$33:$B$40,A51,'17 - T2'!$F$33:$F$40)+SUMIF('18 - T3'!$B$33:$B$40,A51,'18 - T3'!$F$33:$F$40)+SUMIF('19 - T4'!$B$33:$B$40,A51,'19 - T4'!$F$33:$F$40)+SUMIF('20 - T5'!$B$33:$B$40,A51,'20 - T5'!$F$33:$F$40)+SUMIF('21 - T6'!$B$33:$B$40,A51,'21 - T6'!$F$33:$F$40)+SUMIF('22 - T7'!$B$33:$B$40,A51,'22 - T7'!$F$33:$F$40)+SUMIF('23 - CN'!$B$33:$B$40,A51,'23 - CN'!$F$33:$F$40)+SUMIF('24 - T2'!$B$33:$B$40,A51,'24 - T2'!$F$33:$F$40)+SUMIF('25 - T3'!$B$33:$B$40,A51,'25 - T3'!$F$33:$F$40)+SUMIF('26 - T4'!$B$33:$B$40,A51,'26 - T4'!$F$33:$F$40)+SUMIF('27 - T5'!$B$33:$B$40,A51,'27 - T5'!$F$33:$F$40)+SUMIF('28 - T6'!$B$33:$B$40,A51,'28 - T6'!$F$33:$F$40)+SUMIF('29 - T7'!$B$33:$B$40,A51,'29 - T7'!$F$33:$F$40)+SUMIF('30 - CN'!$B$33:$B$40,A51,'30 - CN'!$F$33:$F$40)+SUMIF('31 - T2'!$B$33:$B$40,A51,'31 - T2'!$F$33:$F$40) -> 4 | C51: =IF($B$61=0,"",B51/$B$61) -> 0.03125
A52: 63G00262 | B52: =SUMIF('01 - T7'!$B$33:$B$40,A52,'01 - T7'!$F$33:$F$40)+SUMIF('02 - CN'!$B$33:$B$40,A52,'02 - CN'!$F$33:$F$40)+SUMIF('03 - T2'!$B$33:$B$40,A52,'03 - T2'!$F$33:$F$40)+SUMIF('04 - T3'!$B$33:$B$40,A52,'04 - T3'!$F$33:$F$40)+SUMIF('05 - T4'!$B$33:$B$40,A52,'05 - T4'!$F$33:$F$40)+SUMIF('06 - T5'!$B$33:$B$40,A52,'06 - T5'!$F$33:$F$40)+SUMIF('07 - T6'!$B$33:$B$40,A52,'07 - T6'!$F$33:$F$40)+SUMIF('08 - T7'!$B$33:$B$40,A52,'08 - T7'!$F$33:$F$40)+SUMIF('09 - CN'!$B$33:$B$40,A52,'09 - CN'!$F$33:$F$40)+SUMIF('10 - T2'!$B$33:$B$40,A52,'10 - T2'!$F$33:$F$40)+SUMIF('11 - T3'!$B$33:$B$40,A52,'11 - T3'!$F$33:$F$40)+SUMIF('12 - T4'!$B$33:$B$40,A52,'12 - T4'!$F$33:$F$40)+SUMIF('13 - T5'!$B$33:$B$40,A52,'13 - T5'!$F$33:$F$40)+SUMIF('14 - T6'!$B$33:$B$40,A52,'14 - T6'!$F$33:$F$40)+SUMIF('15 - T7'!$B$33:$B$40,A52,'15 - T7'!$F$33:$F$40)+SUMIF('16 - CN'!$B$33:$B$40,A52,'16 - CN'!$F$33:$F$40)+SUMIF('17 - T2'!$B$33:$B$40,A52,'17 - T2'!$F$33:$F$40)+SUMIF('18 - T3'!$B$33:$B$40,A52,'18 - T3'!$F$33:$F$40)+SUMIF('19 - T4'!$B$33:$B$40,A52,'19 - T4'!$F$33:$F$40)+SUMIF('20 - T5'!$B$33:$B$40,A52,'20 - T5'!$F$33:$F$40)+SUMIF('21 - T6'!$B$33:$B$40,A52,'21 - T6'!$F$33:$F$40)+SUMIF('22 - T7'!$B$33:$B$40,A52,'22 - T7'!$F$33:$F$40)+SUMIF('23 - CN'!$B$33:$B$40,A52,'23 - CN'!$F$33:$F$40)+SUMIF('24 - T2'!$B$33:$B$40,A52,'24 - T2'!$F$33:$F$40)+SUMIF('25 - T3'!$B$33:$B$40,A52,'25 - T3'!$F$33:$F$40)+SUMIF('26 - T4'!$B$33:$B$40,A52,'26 - T4'!$F$33:$F$40)+SUMIF('27 - T5'!$B$33:$B$40,A52,'27 - T5'!$F$33:$F$40)+SUMIF('28 - T6'!$B$33:$B$40,A52,'28 - T6'!$F$33:$F$40)+SUMIF('29 - T7'!$B$33:$B$40,A52,'29 - T7'!$F$33:$F$40)+SUMIF('30 - CN'!$B$33:$B$40,A52,'30 - CN'!$F$33:$F$40)+SUMIF('31 - T2'!$B$33:$B$40,A52,'31 - T2'!$F$33:$F$40) -> 0 | C52: =IF($B$61=0,"",B52/$B$61) -> 0
A53: 63H04239 | B53: =SUMIF('01 - T7'!$B$33:$B$40,A53,'01 - T7'!$F$33:$F$40)+SUMIF('02 - CN'!$B$33:$B$40,A53,'02 - CN'!$F$33:$F$40)+SUMIF('03 - T2'!$B$33:$B$40,A53,'03 - T2'!$F$33:$F$40)+SUMIF('04 - T3'!$B$33:$B$40,A53,'04 - T3'!$F$33:$F$40)+SUMIF('05 - T4'!$B$33:$B$40,A53,'05 - T4'!$F$33:$F$40)+SUMIF('06 - T5'!$B$33:$B$40,A53,'06 - T5'!$F$33:$F$40)+SUMIF('07 - T6'!$B$33:$B$40,A53,'07 - T6'!$F$33:$F$40)+SUMIF('08 - T7'!$B$33:$B$40,A53,'08 - T7'!$F$33:$F$40)+SUMIF('09 - CN'!$B$33:$B$40,A53,'09 - CN'!$F$33:$F$40)+SUMIF('10 - T2'!$B$33:$B$40,A53,'10 - T2'!$F$33:$F$40)+SUMIF('11 - T3'!$B$33:$B$40,A53,'11 - T3'!$F$33:$F$40)+SUMIF('12 - T4'!$B$33:$B$40,A53,'12 - T4'!$F$33:$F$40)+SUMIF('13 - T5'!$B$33:$B$40,A53,'13 - T5'!$F$33:$F$40)+SUMIF('14 - T6'!$B$33:$B$40,A53,'14 - T6'!$F$33:$F$40)+SUMIF('15 - T7'!$B$33:$B$40,A53,'15 - T7'!$F$33:$F$40)+SUMIF('16 - CN'!$B$33:$B$40,A53,'16 - CN'!$F$33:$F$40)+SUMIF('17 - T2'!$B$33:$B$40,A53,'17 - T2'!$F$33:$F$40)+SUMIF('18 - T3'!$B$33:$B$40,A53,'18 - T3'!$F$33:$F$40)+SUMIF('19 - T4'!$B$33:$B$40,A53,'19 - T4'!$F$33:$F$40)+SUMIF('20 - T5'!$B$33:$B$40,A53,'20 - T5'!$F$33:$F$40)+SUMIF('21 - T6'!$B$33:$B$40,A53,'21 - T6'!$F$33:$F$40)+SUMIF('22 - T7'!$B$33:$B$40,A53,'22 - T7'!$F$33:$F$40)+SUMIF('23 - CN'!$B$33:$B$40,A53,'23 - CN'!$F$33:$F$40)+SUMIF('24 - T2'!$B$33:$B$40,A53,'24 - T2'!$F$33:$F$40)+SUMIF('25 - T3'!$B$33:$B$40,A53,'25 - T3'!$F$33:$F$40)+SUMIF('26 - T4'!$B$33:$B$40,A53,'26 - T4'!$F$33:$F$40)+SUMIF('27 - T5'!$B$33:$B$40,A53,'27 - T5'!$F$33:$F$40)+SUMIF('28 - T6'!$B$33:$B$40,A53,'28 - T6'!$F$33:$F$40)+SUMIF('29 - T7'!$B$33:$B$40,A53,'29 - T7'!$F$33:$F$40)+SUMIF('30 - CN'!$B$33:$B$40,A53,'30 - CN'!$F$33:$F$40)+SUMIF('31 - T2'!$B$33:$B$40,A53,'31 - T2'!$F$33:$F$40) -> 6 | C53: =IF($B$61=0,"",B53/$B$61) -> 0.046875
A54: 63E01276 | B54: =SUMIF('01 - T7'!$B$33:$B$40,A54,'01 - T7'!$F$33:$F$40)+SUMIF('02 - CN'!$B$33:$B$40,A54,'02 - CN'!$F$33:$F$40)+SUMIF('03 - T2'!$B$33:$B$40,A54,'03 - T2'!$F$33:$F$40)+SUMIF('04 - T3'!$B$33:$B$40,A54,'04 - T3'!$F$33:$F$40)+SUMIF('05 - T4'!$B$33:$B$40,A54,'05 - T4'!$F$33:$F$40)+SUMIF('06 - T5'!$B$33:$B$40,A54,'06 - T5'!$F$33:$F$40)+SUMIF('07 - T6'!$B$33:$B$40,A54,'07 - T6'!$F$33:$F$40)+SUMIF('08 - T7'!$B$33:$B$40,A54,'08 - T7'!$F$33:$F$40)+SUMIF('09 - CN'!$B$33:$B$40,A54,'09 - CN'!$F$33:$F$40)+SUMIF('10 - T2'!$B$33:$B$40,A54,'10 - T2'!$F$33:$F$40)+SUMIF('11 - T3'!$B$33:$B$40,A54,'11 - T3'!$F$33:$F$40)+SUMIF('12 - T4'!$B$33:$B$40,A54,'12 - T4'!$F$33:$F$40)+SUMIF('13 - T5'!$B$33:$B$40,A54,'13 - T5'!$F$33:$F$40)+SUMIF('14 - T6'!$B$33:$B$40,A54,'14 - T6'!$F$33:$F$40)+SUMIF('15 - T7'!$B$33:$B$40,A54,'15 - T7'!$F$33:$F$40)+SUMIF('16 - CN'!$B$33:$B$40,A54,'16 - CN'!$F$33:$F$40)+SUMIF('17 - T2'!$B$33:$B$40,A54,'17 - T2'!$F$33:$F$40)+SUMIF('18 - T3'!$B$33:$B$40,A54,'18 - T3'!$F$33:$F$40)+SUMIF('19 - T4'!$B$33:$B$40,A54,'19 - T4'!$F$33:$F$40)+SUMIF('20 - T5'!$B$33:$B$40,A54,'20 - T5'!$F$33:$F$40)+SUMIF('21 - T6'!$B$33:$B$40,A54,'21 - T6'!$F$33:$F$40)+SUMIF('22 - T7'!$B$33:$B$40,A54,'22 - T7'!$F$33:$F$40)+SUMIF('23 - CN'!$B$33:$B$40,A54,'23 - CN'!$F$33:$F$40)+SUMIF('24 - T2'!$B$33:$B$40,A54,'24 - T2'!$F$33:$F$40)+SUMIF('25 - T3'!$B$33:$B$40,A54,'25 - T3'!$F$33:$F$40)+SUMIF('26 - T4'!$B$33:$B$40,A54,'26 - T4'!$F$33:$F$40)+SUMIF('27 - T5'!$B$33:$B$40,A54,'27 - T5'!$F$33:$F$40)+SUMIF('28 - T6'!$B$33:$B$40,A54,'28 - T6'!$F$33:$F$40)+SUMIF('29 - T7'!$B$33:$B$40,A54,'29 - T7'!$F$33:$F$40)+SUMIF('30 - CN'!$B$33:$B$40,A54,'30 - CN'!$F$33:$F$40)+SUMIF('31 - T2'!$B$33:$B$40,A54,'31 - T2'!$F$33:$F$40) -> 13 | C54: =IF($B$61=0,"",B54/$B$61) -> 0.1015625
A55: 63E01103 | B55: =SUMIF('01 - T7'!$B$33:$B$40,A55,'01 - T7'!$F$33:$F$40)+SUMIF('02 - CN'!$B$33:$B$40,A55,'02 - CN'!$F$33:$F$40)+SUMIF('03 - T2'!$B$33:$B$40,A55,'03 - T2'!$F$33:$F$40)+SUMIF('04 - T3'!$B$33:$B$40,A55,'04 - T3'!$F$33:$F$40)+SUMIF('05 - T4'!$B$33:$B$40,A55,'05 - T4'!$F$33:$F$40)+SUMIF('06 - T5'!$B$33:$B$40,A55,'06 - T5'!$F$33:$F$40)+SUMIF('07 - T6'!$B$33:$B$40,A55,'07 - T6'!$F$33:$F$40)+SUMIF('08 - T7'!$B$33:$B$40,A55,'08 - T7'!$F$33:$F$40)+SUMIF('09 - CN'!$B$33:$B$40,A55,'09 - CN'!$F$33:$F$40)+SUMIF('10 - T2'!$B$33:$B$40,A55,'10 - T2'!$F$33:$F$40)+SUMIF('11 - T3'!$B$33:$B$40,A55,'11 - T3'!$F$33:$F$40)+SUMIF('12 - T4'!$B$33:$B$40,A55,'12 - T4'!$F$33:$F$40)+SUMIF('13 - T5'!$B$33:$B$40,A55,'13 - T5'!$F$33:$F$40)+SUMIF('14 - T6'!$B$33:$B$40,A55,'14 - T6'!$F$33:$F$40)+SUMIF('15 - T7'!$B$33:$B$40,A55,'15 - T7'!$F$33:$F$40)+SUMIF('16 - CN'!$B$33:$B$40,A55,'16 - CN'!$F$33:$F$40)+SUMIF('17 - T2'!$B$33:$B$40,A55,'17 - T2'!$F$33:$F$40)+SUMIF('18 - T3'!$B$33:$B$40,A55,'18 - T3'!$F$33:$F$40)+SUMIF('19 - T4'!$B$33:$B$40,A55,'19 - T4'!$F$33:$F$40)+SUMIF('20 - T5'!$B$33:$B$40,A55,'20 - T5'!$F$33:$F$40)+SUMIF('21 - T6'!$B$33:$B$40,A55,'21 - T6'!$F$33:$F$40)+SUMIF('22 - T7'!$B$33:$B$40,A55,'22 - T7'!$F$33:$F$40)+SUMIF('23 - CN'!$B$33:$B$40,A55,'23 - CN'!$F$33:$F$40)+SUMIF('24 - T2'!$B$33:$B$40,A55,'24 - T2'!$F$33:$F$40)+SUMIF('25 - T3'!$B$33:$B$40,A55,'25 - T3'!$F$33:$F$40)+SUMIF('26 - T4'!$B$33:$B$40,A55,'26 - T4'!$F$33:$F$40)+SUMIF('27 - T5'!$B$33:$B$40,A55,'27 - T5'!$F$33:$F$40)+SUMIF('28 - T6'!$B$33:$B$40,A55,'28 - T6'!$F$33:$F$40)+SUMIF('29 - T7'!$B$33:$B$40,A55,'29 - T7'!$F$33:$F$40)+SUMIF('30 - CN'!$B$33:$B$40,A55,'30 - CN'!$F$33:$F$40)+SUMIF('31 - T2'!$B$33:$B$40,A55,'31 - T2'!$F$33:$F$40) -> 14 | C55: =IF($B$61=0,"",B55/$B$61) -> 0.109375
A56: 63E01118 | B56: =SUMIF('01 - T7'!$B$33:$B$40,A56,'01 - T7'!$F$33:$F$40)+SUMIF('02 - CN'!$B$33:$B$40,A56,'02 - CN'!$F$33:$F$40)+SUMIF('03 - T2'!$B$33:$B$40,A56,'03 - T2'!$F$33:$F$40)+SUMIF('04 - T3'!$B$33:$B$40,A56,'04 - T3'!$F$33:$F$40)+SUMIF('05 - T4'!$B$33:$B$40,A56,'05 - T4'!$F$33:$F$40)+SUMIF('06 - T5'!$B$33:$B$40,A56,'06 - T5'!$F$33:$F$40)+SUMIF('07 - T6'!$B$33:$B$40,A56,'07 - T6'!$F$33:$F$40)+SUMIF('08 - T7'!$B$33:$B$40,A56,'08 - T7'!$F$33:$F$40)+SUMIF('09 - CN'!$B$33:$B$40,A56,'09 - CN'!$F$33:$F$40)+SUMIF('10 - T2'!$B$33:$B$40,A56,'10 - T2'!$F$33:$F$40)+SUMIF('11 - T3'!$B$33:$B$40,A56,'11 - T3'!$F$33:$F$40)+SUMIF('12 - T4'!$B$33:$B$40,A56,'12 - T4'!$F$33:$F$40)+SUMIF('13 - T5'!$B$33:$B$40,A56,'13 - T5'!$F$33:$F$40)+SUMIF('14 - T6'!$B$33:$B$40,A56,'14 - T6'!$F$33:$F$40)+SUMIF('15 - T7'!$B$33:$B$40,A56,'15 - T7'!$F$33:$F$40)+SUMIF('16 - CN'!$B$33:$B$40,A56,'16 - CN'!$F$33:$F$40)+SUMIF('17 - T2'!$B$33:$B$40,A56,'17 - T2'!$F$33:$F$40)+SUMIF('18 - T3'!$B$33:$B$40,A56,'18 - T3'!$F$33:$F$40)+SUMIF('19 - T4'!$B$33:$B$40,A56,'19 - T4'!$F$33:$F$40)+SUMIF('20 - T5'!$B$33:$B$40,A56,'20 - T5'!$F$33:$F$40)+SUMIF('21 - T6'!$B$33:$B$40,A56,'21 - T6'!$F$33:$F$40)+SUMIF('22 - T7'!$B$33:$B$40,A56,'22 - T7'!$F$33:$F$40)+SUMIF('23 - CN'!$B$33:$B$40,A56,'23 - CN'!$F$33:$F$40)+SUMIF('24 - T2'!$B$33:$B$40,A56,'24 - T2'!$F$33:$F$40)+SUMIF('25 - T3'!$B$33:$B$40,A56,'25 - T3'!$F$33:$F$40)+SUMIF('26 - T4'!$B$33:$B$40,A56,'26 - T4'!$F$33:$F$40)+SUMIF('27 - T5'!$B$33:$B$40,A56,'27 - T5'!$F$33:$F$40)+SUMIF('28 - T6'!$B$33:$B$40,A56,'28 - T6'!$F$33:$F$40)+SUMIF('29 - T7'!$B$33:$B$40,A56,'29 - T7'!$F$33:$F$40)+SUMIF('30 - CN'!$B$33:$B$40,A56,'30 - CN'!$F$33:$F$40)+SUMIF('31 - T2'!$B$33:$B$40,A56,'31 - T2'!$F$33:$F$40) -> 1 | C56: =IF($B$61=0,"",B56/$B$61) -> 0.0078125
A57: 63F00511 | B57: =SUMIF('01 - T7'!$B$33:$B$40,A57,'01 - T7'!$F$33:$F$40)+SUMIF('02 - CN'!$B$33:$B$40,A57,'02 - CN'!$F$33:$F$40)+SUMIF('03 - T2'!$B$33:$B$40,A57,'03 - T2'!$F$33:$F$40)+SUMIF('04 - T3'!$B$33:$B$40,A57,'04 - T3'!$F$33:$F$40)+SUMIF('05 - T4'!$B$33:$B$40,A57,'05 - T4'!$F$33:$F$40)+SUMIF('06 - T5'!$B$33:$B$40,A57,'06 - T5'!$F$33:$F$40)+SUMIF('07 - T6'!$B$33:$B$40,A57,'07 - T6'!$F$33:$F$40)+SUMIF('08 - T7'!$B$33:$B$40,A57,'08 - T7'!$F$33:$F$40)+SUMIF('09 - CN'!$B$33:$B$40,A57,'09 - CN'!$F$33:$F$40)+SUMIF('10 - T2'!$B$33:$B$40,A57,'10 - T2'!$F$33:$F$40)+SUMIF('11 - T3'!$B$33:$B$40,A57,'11 - T3'!$F$33:$F$40)+SUMIF('12 - T4'!$B$33:$B$40,A57,'12 - T4'!$F$33:$F$40)+SUMIF('13 - T5'!$B$33:$B$40,A57,'13 - T5'!$F$33:$F$40)+SUMIF('14 - T6'!$B$33:$B$40,A57,'14 - T6'!$F$33:$F$40)+SUMIF('15 - T7'!$B$33:$B$40,A57,'15 - T7'!$F$33:$F$40)+SUMIF('16 - CN'!$B$33:$B$40,A57,'16 - CN'!$F$33:$F$40)+SUMIF('17 - T2'!$B$33:$B$40,A57,'17 - T2'!$F$33:$F$40)+SUMIF('18 - T3'!$B$33:$B$40,A57,'18 - T3'!$F$33:$F$40)+SUMIF('19 - T4'!$B$33:$B$40,A57,'19 - T4'!$F$33:$F$40)+SUMIF('20 - T5'!$B$33:$B$40,A57,'20 - T5'!$F$33:$F$40)+SUMIF('21 - T6'!$B$33:$B$40,A57,'21 - T6'!$F$33:$F$40)+SUMIF('22 - T7'!$B$33:$B$40,A57,'22 - T7'!$F$33:$F$40)+SUMIF('23 - CN'!$B$33:$B$40,A57,'23 - CN'!$F$33:$F$40)+SUMIF('24 - T2'!$B$33:$B$40,A57,'24 - T2'!$F$33:$F$40)+SUMIF('25 - T3'!$B$33:$B$40,A57,'25 - T3'!$F$33:$F$40)+SUMIF('26 - T4'!$B$33:$B$40,A57,'26 - T4'!$F$33:$F$40)+SUMIF('27 - T5'!$B$33:$B$40,A57,'27 - T5'!$F$33:$F$40)+SUMIF('28 - T6'!$B$33:$B$40,A57,'28 - T6'!$F$33:$F$40)+SUMIF('29 - T7'!$B$33:$B$40,A57,'29 - T7'!$F$33:$F$40)+SUMIF('30 - CN'!$B$33:$B$40,A57,'30 - CN'!$F$33:$F$40)+SUMIF('31 - T2'!$B$33:$B$40,A57,'31 - T2'!$F$33:$F$40) -> 3 | C57: =IF($B$61=0,"",B57/$B$61) -> 0.0234375
... A60: 63H04236 | B60: =SUMIF('01 - T7'!$B$33:$B$40,A60,'01 - T7'!$F$33:$F$40)+SUMIF('02 - CN'!$B$33:$B$40,A60,'02 - CN'!$F$33:$F$40)+SUMIF('03 - T2'!$B$33:$B$40,A60,'03 - T2'!$F$33:$F$40)+SUMIF('04 - T3'!$B$33:$B$40,A60,'04 - T3'!$F$33:$F$40)+SUMIF('05 - T4'!$B$33:$B$40,A60,'05 - T4'!$F$33:$F$40)+SUMIF('06 - T5'!$B$33:$B$40,A60,'06 - T5'!$F$33:$F$40)+SUMIF('07 - T6'!$B$33:$B$40,A60,'07 - T6'!$F$33:$F$40)+SUMIF('08 - T7'!$B$33:$B$40,A60,'08 - T7'!$F$33:$F$40)+SUMIF('09 - CN'!$B$33:$B$40,A60,'09 - CN'!$F$33:$F$40)+SUMIF('10 - T2'!$B$33:$B$40,A60,'10 - T2'!$F$33:$F$40)+SUMIF('11 - T3'!$B$33:$B$40,A60,'11 - T3'!$F$33:$F$40)+SUMIF('12 - T4'!$B$33:$B$40,A60,'12 - T4'!$F$33:$F$40)+SUMIF('13 - T5'!$B$33:$B$40,A60,'13 - T5'!$F$33:$F$40)+SUMIF('14 - T6'!$B$33:$B$40,A60,'14 - T6'!$F$33:$F$40)+SUMIF('15 - T7'!$B$33:$B$40,A60,'15 - T7'!$F$33:$F$40)+SUMIF('16 - CN'!$B$33:$B$40,A60,'16 - CN'!$F$33:$F$40)+SUMIF('17 - T2'!$B$33:$B$40,A60,'17 - T2'!$F$33:$F$40)+SUMIF('18 - T3'!$B$33:$B$40,A60,'18 - T3'!$F$33:$F$40)+SUMIF('19 - T4'!$B$33:$B$40,A60,'19 - T4'!$F$33:$F$40)+SUMIF('20 - T5'!$B$33:$B$40,A60,'20 - T5'!$F$33:$F$40)+SUMIF('21 - T6'!$B$33:$B$40,A60,'21 - T6'!$F$33:$F$40)+SUMIF('22 - T7'!$B$33:$B$40,A60,'22 - T7'!$F$33:$F$40)+SUMIF('23 - CN'!$B$33:$B$40,A60,'23 - CN'!$F$33:$F$40)+SUMIF('24 - T2'!$B$33:$B$40,A60,'24 - T2'!$F$33:$F$40)+SUMIF('25 - T3'!$B$33:$B$40,A60,'25 - T3'!$F$33:$F$40)+SUMIF('26 - T4'!$B$33:$B$40,A60,'26 - T4'!$F$33:$F$40)+SUMIF('27 - T5'!$B$33:$B$40,A60,'27 - T5'!$F$33:$F$40)+SUMIF('28 - T6'!$B$33:$B$40,A60,'28 - T6'!$F$33:$F$40)+SUMIF('29 - T7'!$B$33:$B$40,A60,'29 - T7'!$F$33:$F$40)+SUMIF('30 - CN'!$B$33:$B$40,A60,'30 - CN'!$F$33:$F$40)+SUMIF('31 - T2'!$B$33:$B$40,A60,'31 - T2'!$F$33:$F$40) -> 32 | C60: =IF($B$61=0,"",B60/$B$61) -> 0.25
A61: TỔNG TĂNG BO THÁNG | B61: =SUM(B46:B60) -> 128
A63: Tự cộng từ 30 tab ngày. Nhập 1 chủ hàng 2–3 lần/xe = 2–3 chuyến. %HĐ đỏ = xe chạy thấp (<60%). Tăng bo tính RIÊNG.

Sheet 01 - T7
A1: 🚚 XE BEN 01 THÁNG 08 [ THỨ 7 ] | K1: TỔNG XE NM | O1: TT | P1: n
A2: STT | B2: Biển số | C2: Tuyến / Ghi chú | D2: Loại hàng 1 | E2: Chủ hàng 1 | F2: Loại hàng 2 | G2: Chủ hàng 2 | H2: Loại hàng 3 | I2: Chủ hàng 3 | K2: Chủ hàng | L2: Chuyến | M2: % | O2: HOẠT ĐỘNG | P2: =SUM(L3:L18) -> 20
A3: 1 | B3: 63H04273 | C3: Phú Mỹ => Hải Đại Vĩnh Long | D3: Bã nành | E3: HDVL | K3: Khai Anh | L3: =COUNTIF($E$3:$E$17,K3)+COUNTIF($G$3:$G$17,K3)+COUNTIF($I$3:$I$17,K3)+COUNTIF($E$19:$E$29,K3)+COUNTIF($G$19:$G$29,K3)+COUNTIF($I$19:$I$29,K3) -> 4 | M3: =IF($K$22=0,"",L3/$K$22) -> 0.2 | N3: {=IF(SUMPRODUCT(COUNTIF(E3,'DANH MỤC'!$B$2:$B$17))+SUMPRODUCT(COUNTIF(G3,'DANH MỤC'!$B$2:$B$17))+SUMPRODUCT(COUNTIF(I3,'DANH MỤC'!$B$2:$B$17))>=1,1,0)} -> 1 | O3: TRỐNG LỊCH | P3: =COUNTIF($E$3:$E$17,"TRỐNG LỊCH")+COUNTIF($G$3:$G$17,"TRỐNG LỊCH")+COUNTIF($I$3:$I$17,"TRỐNG LỊCH")+COUNTIF($E$19:$E$29,"TRỐNG LỊCH")+COUNTIF($G$19:$G$29,"TRỐNG LỊCH")+COUNTIF($I$19:$I$29,"TRỐNG LỊCH") -> 1
A4: 2 | B4: 63G00286 | C4: Cảng Thị Vải => CP Bầu Xéo | D4: Bắp | E4: Hoàng Mạnh Thắng | K4: Kim Bàng | L4: =COUNTIF($E$3:$E$17,K4)+COUNTIF($G$3:$G$17,K4)+COUNTIF($I$3:$I$17,K4)+COUNTIF($E$19:$E$29,K4)+COUNTIF($G$19:$G$29,K4)+COUNTIF($I$19:$I$29,K4) -> 0 | M4: =IF($K$22=0,"",L4/$K$22) -> 0 | N4: {=IF(SUMPRODUCT(COUNTIF(E4,'DANH MỤC'!$B$2:$B$17))+SUMPRODUCT(COUNTIF(G4,'DANH MỤC'!$B$2:$B$17))+SUMPRODUCT(COUNTIF(I4,'DANH MỤC'!$B$2:$B$17))>=1,1,0)} -> 1 | O4: CHUYỂN ĐIỂM | P4: =COUNTIF($E$3:$E$17,"CHUYỂN ĐIỂM")+COUNTIF($G$3:$G$17,"CHUYỂN ĐIỂM")+COUNTIF($I$3:$I$17,"CHUYỂN ĐIỂM")+COUNTIF($E$19:$E$29,"CHUYỂN ĐIỂM")+COUNTIF($G$19:$G$29,"CHUYỂN ĐIỂM")+COUNTIF($I$19:$I$29,"CHUYỂN ĐIỂM") -> 0
A5: 3 | B5: 63E01156 | C5: Phú Mỹ => Newhope Sài Gòn | D5: Bã nành | E5: Khai Anh | K5: Vưu Đức Phát | L5: =COUNTIF($E$3:$E$17,K5)+COUNTIF($G$3:$G$17,K5)+COUNTIF($I$3:$I$17,K5)+COUNTIF($E$19:$E$29,K5)+COUNTIF($G$19:$G$29,K5)+COUNTIF($I$19:$I$29,K5) -> 0 | M5: =IF($K$22=0,"",L5/$K$22) -> 0 | N5: {=IF(SUMPRODUCT(COUNTIF(E5,'DANH MỤC'!$B$2:$B$17))+SUMPRODUCT(COUNTIF(G5,'DANH MỤC'!$B$2:$B$17))+SUMPRODUCT(COUNTIF(I5,'DANH MỤC'!$B$2:$B$17))>=1,1,0)} -> 1 | O5: RỚT NHÀ MÁY | P5: =COUNTIF($E$3:$E$17,"RỚT NHÀ MÁY")+COUNTIF($G$3:$G$17,"RỚT NHÀ MÁY")+COUNTIF($I$3:$I$17,"RỚT NHÀ MÁY")+COUNTIF($E$19:$E$29,"RỚT NHÀ MÁY")+COUNTIF($G$19:$G$29,"RỚT NHÀ MÁY")+COUNTIF($I$19:$I$29,"RỚT NHÀ MÁY") -> 0
A6: 4 | B6: 63E01117 | C6: Cảng Thị Vải => CP Bầu Xéo | D6: Bắp | E6: Hoàng Mạnh Thắng | K6: Phương Trang | L6: =COUNTIF($E$3:$E$17,K6)+COUNTIF($G$3:$G$17,K6)+COUNTIF($I$3:$I$17,K6)+COUNTIF($E$19:$E$29,K6)+COUNTIF($G$19:$G$29,K6)+COUNTIF($I$19:$I$29,K6) -> 0 | M6: =IF($K$22=0,"",L6/$K$22) -> 0 | N6: {=IF(SUMPRODUCT(COUNTIF(E6,'DANH MỤC'!$B$2:$B$17))+SUMPRODUCT(COUNTIF(G6,'DANH MỤC'!$B$2:$B$17))+SUMPRODUCT(COUNTIF(I6,'DANH MỤC'!$B$2:$B$17))>=1,1,0)} -> 1 | O6: TÀI XẾ NGHỈ | P6: =COUNTIF($E$3:$E$17,"TÀI XẾ NGHỈ")+COUNTIF($G$3:$G$17,"TÀI XẾ NGHỈ")+COUNTIF($I$3:$I$17,"TÀI XẾ NGHỈ")+COUNTIF($E$19:$E$29,"TÀI XẾ NGHỈ")+COUNTIF($G$19:$G$29,"TÀI XẾ NGHỈ")+COUNTIF($I$19:$I$29,"TÀI XẾ NGHỈ") -> 4
A7: 5 | B7: 63E01108 | C7: Cảng Thị Vải => CP Bầu Xéo | D7: Bắp | E7: Hoàng Mạnh Thắng | K7: Lúa Vàng | L7: =COUNTIF($E$3:$E$17,K7)+COUNTIF($G$3:$G$17,K7)+COUNTIF($I$3:$I$17,K7)+COUNTIF($E$19:$E$29,K7)+COUNTIF($G$19:$G$29,K7)+COUNTIF($I$19:$I$29,K7) -> 0 | M7: =IF($K$22=0,"",L7/$K$22) -> 0 | N7: {=IF(SUMPRODUCT(COUNTIF(E7,'DANH MỤC'!$B$2:$B$17))+SUMPRODUCT(COUNTIF(G7,'DANH MỤC'!$B$2:$B$17))+SUMPRODUCT(COUNTIF(I7,'DANH MỤC'!$B$2:$B$17))>=1,1,0)} -> 1
A8: 6 | B8: 63F00528 | C8: sửa xe | K8: Hồng Nga | L8: =COUNTIF($E$3:$E$17,K8)+COUNTIF($G$3:$G$17,K8)+COUNTIF($I$3:$I$17,K8)+COUNTIF($E$19:$E$29,K8)+COUNTIF($G$19:$G$29,K8)+COUNTIF($I$19:$I$29,K8) -> 0 | M8: =IF($K$22=0,"",L8/$K$22) -> 0 | N8: {=IF(SUMPRODUCT(COUNTIF(E8,'DANH MỤC'!$B$2:$B$17))+SUMPRODUCT(COUNTIF(G8,'DANH MỤC'!$B$2:$B$17))+SUMPRODUCT(COUNTIF(I8,'DANH MỤC'!$B$2:$B$17))>=1,1,0)} -> 0
A9: 7 | B9: 63G00262 | C9: sửa xe | K9: Thuận An | L9: =COUNTIF($E$3:$E$17,K9)+COUNTIF($G$3:$G$17,K9)+COUNTIF($I$3:$I$17,K9)+COUNTIF($E$19:$E$29,K9)+COUNTIF($G$19:$G$29,K9)+COUNTIF($I$19:$I$29,K9) -> 0 | M9: =IF($K$22=0,"",L9/$K$22) -> 0 | N9: {=IF(SUMPRODUCT(COUNTIF(E9,'DANH MỤC'!$B$2:$B$17))+SUMPRODUCT(COUNTIF(G9,'DANH MỤC'!$B$2:$B$17))+SUMPRODUCT(COUNTIF(I9,'DANH MỤC'!$B$2:$B$17))>=1,1,0)} -> 0
A10: 8 | B10: 63H04239 | E10: TÀI XẾ NGHỈ | K10: SIM | L10: =COUNTIF($E$3:$E$17,K10)+COUNTIF($G$3:$G$17,K10)+COUNTIF($I$3:$I$17,K10)+COUNTIF($E$19:$E$29,K10)+COUNTIF($G$19:$G$29,K10)+COUNTIF($I$19:$I$29,K10) -> 0 | M10: =IF($K$22=0,"",L10/$K$22) -> 0 | N10: {=IF(SUMPRODUCT(COUNTIF(E10,'DANH MỤC'!$B$2:$B$17))+SUMPRODUCT(COUNTIF(G10,'DANH MỤC'!$B$2:$B$17))+SUMPRODUCT(COUNTIF(I10,'DANH MỤC'!$B$2:$B$17))>=1,1,0)} -> 0
A11: 9 | B11: 63E01276 | C11: Cảng Thị Vải => CP Bầu Xéo | D11: Bắp | E11: Hoàng Mạnh Thắng | K11: THẢO AN | L11: =COUNTIF($E$3:$E$17,K11)+COUNTIF($G$3:$G$17,K11)+COUNTIF($I$3:$I$17,K11)+COUNTIF($E$19:$E$29,K11)+COUNTIF($G$19:$G$29,K11)+COUNTIF($I$19:$I$29,K11) -> 0 | M11: =IF($K$22=0,"",L11/$K$22) -> 0 | N11: {=IF(SUMPRODUCT(COUNTIF(E11,'DANH MỤC'!$B$2:$B$17))+SUMPRODUCT(COUNTIF(G11,'DANH MỤC'!$B$2:$B$17))+SUMPRODUCT(COUNTIF(I11,'DANH MỤC'!$B$2:$B$17))>=1,1,0)} -> 1
A12: 10 | B12: 63E01103 | C12: Cảng Thị Vải => CP Bầu Xéo | D12: Bắp | E12: Hoàng Mạnh Thắng | K12: Emivest | L12: =COUNTIF($E$3:$E$17,K12)+COUNTIF($G$3:$G$17,K12)+COUNTIF($I$3:$I$17,K12)+COUNTIF($E$19:$E$29,K12)+COUNTIF($G$19:$G$29,K12)+COUNTIF($I$19:$I$29,K12) -> 0 | M12: =IF($K$22=0,"",L12/$K$22) -> 0 | N12: {=IF(SUMPRODUCT(COUNTIF(E12,'DANH MỤC'!$B$2:$B$17))+SUMPRODUCT(COUNTIF(G12,'DANH MỤC'!$B$2:$B$17))+SUMPRODUCT(COUNTIF(I12,'DANH MỤC'!$B$2:$B$17))>=1,1,0)} -> 1
A13: 11 | B13: 63E01118 | C13: Cảng Thị Vải => CP Bầu Xéo Phú Mỹ => Hải Đại Vĩnh Long | D13: Bắp | E13: Hoàng Mạnh Thắng | F13: Bã nành | G13: HDVL | K13: LTP | L13: =COUNTIF($E$3:$E$17,K13)+COUNTIF($G$3:$G$17,K13)+COUNTIF($I$3:$I$17,K13)+COUNTIF($E$19:$E$29,K13)+COUNTIF($G$19:$G$29,K13)+COUNTIF($I$19:$I$29,K13) -> 0 | M13: =IF($K$22=0,"",L13/$K$22) -> 0 | N13: {=IF(SUMPRODUCT(COUNTIF(E13,'DANH MỤC'!$B$2:$B$17))+SUMPRODUCT(COUNTIF(G13,'DANH MỤC'!$B$2:$B$17))+SUMPRODUCT(COUNTIF(I13,'DANH MỤC'!$B$2:$B$17))>=1,1,0)} -> 1
A14: 12 | B14: 63F00511 | C14: Cảng Thị Vải => CP Bầu Xéo | D14: Bắp | E14: Hoàng Mạnh Thắng | K14: RICO | L14: =COUNTIF($E$3:$E$17,K14)+COUNTIF($G$3:$G$17,K14)+COUNTIF($I$3:$I$17,K14)+COUNTIF($E$19:$E$29,K14)+COUNTIF($G$19:$G$29,K14)+COUNTIF($I$19:$I$29,K14) -> 0 | M14: =IF($K$22=0,"",L14/$K$22) -> 0 | N14: {=IF(SUMPRODUCT(COUNTIF(E14,'DANH MỤC'!$B$2:$B$17))+SUMPRODUCT(COUNTIF(G14,'DANH MỤC'!$B$2:$B$17))+SUMPRODUCT(COUNTIF(I14,'DANH MỤC'!$B$2:$B$17))>=1,1,0)} -> 1
A15: 13 | B15: 63H04234 | C15: Phú Mỹ => Vina Mặt Trời Phú Mỹ => Hải Đại Vĩnh Long | D15: Bã nành | E15: Khai Anh | F15: Bã nành | G15: HDVL | K15: Nhất Thành | L15: =COUNTIF($E$3:$E$17,K15)+COUNTIF($G$3:$G$17,K15)+COUNTIF($I$3:$I$17,K15)+COUNTIF($E$19:$E$29,K15)+COUNTIF($G$19:$G$29,K15)+COUNTIF($I$19:$I$29,K15) -> 0 | M15: =IF($K$22=0,"",L15/$K$22) -> 0 | N15: {=IF(SUMPRODUCT(COUNTIF(E15,'DANH MỤC'!$B$2:$B$17))+SUMPRODUCT(COUNTIF(G15,'DANH MỤC'!$B$2:$B$17))+SUMPRODUCT(COUNTIF(I15,'DANH MỤC'!$B$2:$B$17))>=1,1,0)} -> 1
A16: 14 | B16: 63E01235 | C16: Phú Mỹ => Hải Đại Vĩnh Long | D16: Bã nành | E16: HDVL | K16: Hoàng Mạnh Thắng | L16: =COUNTIF($E$3:$E$17,K16)+COUNTIF($G$3:$G$17,K16)+COUNTIF($I$3:$I$17,K16)+COUNTIF($E$19:$E$29,K16)+COUNTIF($G$19:$G$29,K16)+COUNTIF($I$19:$I$29,K16) -> 7 | M16: =IF($K$22=0,"",L16/$K$22) -> 0.35 | N16: {=IF(SUMPRODUCT(COUNTIF(E16,'DANH MỤC'!$B$2:$B$17))+SUMPRODUCT(COUNTIF(G16,'DANH MỤC'!$B$2:$B$17))+SUMPRODUCT(COUNTIF(I16,'DANH MỤC'!$B$2:$B$17))>=1,1,0)} -> 1
A17: 15 | B17: 63H04236 | C17: Phú Mỹ => Hải Đại Vĩnh Long | D17: Bã nành | E17: HDVL | K17: TRANSIN | L17: =COUNTIF($E$3:$E$17,K17)+COUNTIF($G$3:$G$17,K17)+COUNTIF($I$3:$I$17,K17)+COUNTIF($E$19:$E$29,K17)+COUNTIF($G$19:$G$29,K17)+COUNTIF($I$19:$I$29,K17) -> 0 | M17: =IF($K$22=0,"",L17/$K$22) -> 0 | N17: {=IF(SUMPRODUCT(COUNTIF(E17,'DANH MỤC'!$B$2:$B$17))+SUMPRODUCT(COUNTIF(G17,'DANH MỤC'!$B$2:$B$17))+SUMPRODUCT(COUNTIF(I17,'DANH MỤC'!$B$2:$B$17))>=1,1,0)} -> 1
A18: 🚛 XE CÔNG DÀI 01 THÁNG 08 [ THỨ 7 ] | K18: HDVL | L18: =COUNTIF($E$3:$E$17,K18)+COUNTIF($G$3:$G$17,K18)+COUNTIF($I$3:$I$17,K18)+COUNTIF($E$19:$E$29,K18)+COUNTIF($G$19:$G$29,K18)+COUNTIF($I$19:$I$29,K18) -> 9 | M18: =IF($K$22=0,"",L18/$K$22) -> 0.45
A19: 1 | B19: 63F00512 | C19: Phú Mỹ => Hải Đại Vĩnh Long | D19: Bã nành | E19: HDVL | K19: Hàng Ngoài | L19: =COUNTIF($E$3:$E$17,K19)+COUNTIF($G$3:$G$17,K19)+COUNTIF($I$3:$I$17,K19)+COUNTIF($E$19:$E$29,K19)+COUNTIF($G$19:$G$29,K19)+COUNTIF($I$19:$I$29,K19) -> 0 | M19: =IF($K$22=0,"",L19/$K$22) -> 0 | N19: {=IF(SUMPRODUCT(COUNTIF(E19,'DANH MỤC'!$B$2:$B$17))+SUMPRODUCT(COUNTIF(G19,'DANH MỤC'!$B$2:$B$17))+SUMPRODUCT(COUNTIF(I19,'DANH MỤC'!$B$2:$B$17))>=1,1,0)} -> 1
A20: 2 | B20: 63F00538 | E20: TRỐNG LỊCH | N20: {=IF(SUMPRODUCT(COUNTIF(E20,'DANH MỤC'!$B$2:$B$17))+SUMPRODUCT(COUNTIF(G20,'DANH MỤC'!$B$2:$B$17))+SUMPRODUCT(COUNTIF(I20,'DANH MỤC'!$B$2:$B$17))>=1,1,0)} -> 0
A21: 3 | B21: 63E01212 | C21: Phú Mỹ => Newhope Sài Gòn | D21: Bã nành | E21: Khai Anh | K21: TỔNG CHUYẾN (chính) | N21: {=IF(SUMPRODUCT(COUNTIF(E21,'DANH MỤC'!$B$2:$B$17))+SUMPRODUCT(COUNTIF(G21,'DANH MỤC'!$B$2:$B$17))+SUMPRODUCT(COUNTIF(I21,'DANH MỤC'!$B$2:$B$17))>=1,1,0)} -> 1
A22: 4 | B22: 63E01141 | C22: Phú Mỹ => Hải Đại Vĩnh Long | D22: Bã nành | E22: HDVL | K22: =SUM(L3:L18) -> 20 | N22: {=IF(SUMPRODUCT(COUNTIF(E22,'DANH MỤC'!$B$2:$B$17))+SUMPRODUCT(COUNTIF(G22,'DANH MỤC'!$B$2:$B$17))+SUMPRODUCT(COUNTIF(I22,'DANH MỤC'!$B$2:$B$17))>=1,1,0)} -> 1
A23: 5 | B23: 63E01132 | C23: Phú Mỹ => Hải Đại Vĩnh Long | D23: Bã nành | E23: HDVL | N23: {=IF(SUMPRODUCT(COUNTIF(E23,'DANH MỤC'!$B$2:$B$17))+SUMPRODUCT(COUNTIF(G23,'DANH MỤC'!$B$2:$B$17))+SUMPRODUCT(COUNTIF(I23,'DANH MỤC'!$B$2:$B$17))>=1,1,0)} -> 1
A24: 6 | B24: 63E01201 | C24: Phú Mỹ => Hải Đại Vĩnh Long | D24: Bã nành | E24: HDVL | K24: TÌNH TRẠNG | L24: Xe | M24: % | N24: {=IF(SUMPRODUCT(COUNTIF(E24,'DANH MỤC'!$B$2:$B$17))+SUMPRODUCT(COUNTIF(G24,'DANH MỤC'!$B$2:$B$17))+SUMPRODUCT(COUNTIF(I24,'DANH MỤC'!$B$2:$B$17))>=1,1,0)} -> 1
A25: 7 | B25: 63F00516 | E25: TÀI XẾ NGHỈ | K25: TRỐNG LỊCH | L25: =COUNTIF($E$3:$E$17,K25)+COUNTIF($G$3:$G$17,K25)+COUNTIF($I$3:$I$17,K25)+COUNTIF($E$19:$E$29,K25)+COUNTIF($G$19:$G$29,K25)+COUNTIF($I$19:$I$29,K25) -> 1 | M25: =IF(SUM($L$25:$L$29)=0,0,L25/SUM($L$25:$L$29)) -> 0.04 | N25: {=IF(SUMPRODUCT(COUNTIF(E25,'DANH MỤC'!$B$2:$B$17))+SUMPRODUCT(COUNTIF(G25,'DANH MỤC'!$B$2:$B$17))+SUMPRODUCT(COUNTIF(I25,'DANH MỤC'!$B$2:$B$17))>=1,1,0)} -> 0
A26: 8 | B26: 63G00297 | E26: TÀI XẾ NGHỈ | K26: CHUYỂN ĐIỂM | L26: =COUNTIF($E$3:$E$17,K26)+COUNTIF($G$3:$G$17,K26)+COUNTIF($I$3:$I$17,K26)+COUNTIF($E$19:$E$29,K26)+COUNTIF($G$19:$G$29,K26)+COUNTIF($I$19:$I$29,K26) -> 0 | M26: =IF(SUM($L$25:$L$29)=0,0,L26/SUM($L$25:$L$29)) -> 0 | N26: {=IF(SUMPRODUCT(COUNTIF(E26,'DANH MỤC'!$B$2:$B$17))+SUMPRODUCT(COUNTIF(G26,'DANH MỤC'!$B$2:$B$17))+SUMPRODUCT(COUNTIF(I26,'DANH MỤC'!$B$2:$B$17))>=1,1,0)} -> 0
A27: 9 | B27: 63G00280 | E27: TÀI XẾ NGHỈ | K27: RỚT NHÀ MÁY | L27: =COUNTIF($E$3:$E$17,K27)+COUNTIF($G$3:$G$17,K27)+COUNTIF($I$3:$I$17,K27)+COUNTIF($E$19:$E$29,K27)+COUNTIF($G$19:$G$29,K27)+COUNTIF($I$19:$I$29,K27) -> 0 | M27: =IF(SUM($L$25:$L$29)=0,0,L27/SUM($L$25:$L$29)) -> 0 | N27: {=IF(SUMPRODUCT(COUNTIF(E27,'DANH MỤC'!$B$2:$B$17))+SUMPRODUCT(COUNTIF(G27,'DANH MỤC'!$B$2:$B$17))+SUMPRODUCT(COUNTIF(I27,'DANH MỤC'!$B$2:$B$17))>=1,1,0)} -> 0
A28: 10 | B28: 66H08348 | C28: Phú Mỹ => Newhope Sài Gòn | D28: Bã nành | E28: Khai Anh | K28: TÀI XẾ NGHỈ | L28: =COUNTIF($E$3:$E$17,K28)+COUNTIF($G$3:$G$17,K28)+COUNTIF($I$3:$I$17,K28)+COUNTIF($E$19:$E$29,K28)+COUNTIF($G$19:$G$29,K28)+COUNTIF($I$19:$I$29,K28) -> 4 | M28: =IF(SUM($L$25:$L$29)=0,0,L28/SUM($L$25:$L$29)) -> 0.16 | N28: {=IF(SUMPRODUCT(COUNTIF(E28,'DANH MỤC'!$B$2:$B$17))+SUMPRODUCT(COUNTIF(G28,'DANH MỤC'!$B$2:$B$17))+SUMPRODUCT(COUNTIF(I28,'DANH MỤC'!$B$2:$B$17))>=1,1,0)} -> 1
K29: HOẠT ĐỘNG | L29: =P2 -> 20 | M29: =IF(SUM($L$25:$L$29)=0,0,L29/SUM($L$25:$L$29)) -> 0.8 | N29: {=IF(SUMPRODUCT(COUNTIF(E29,'DANH MỤC'!$B$2:$B$17))+SUMPRODUCT(COUNTIF(G29,'DANH MỤC'!$B$2:$B$17))+SUMPRODUCT(COUNTIF(I29,'DANH MỤC'!$B$2:$B$17))>=1,1,0)} -> 0
K30: XE CHƯA ĐĂNG KÝ | L30: =MAX(0,COUNTA($B$3:$B$29)-SUM($L$25:$L$29)) -> 0
A31: 🔁 TĂNG BO — XE BEN (riêng) — THÁNG 08
A32: STT | B32: Biển số | C32: Tuyến / Ghi chú | D32: Loại hàng | E32: Chủ hàng | F32: Số chuyến | G32: (bảng tăng bo tính riêng, không cộng vào Tổng chuyến chính)
A33: 1
A34: 2
A35: 3
A36: 4
A37: 5
A38: 6
A39: 7
A40: 8
A41: TỔNG SỐ CHUYẾN TĂNG BO | F41: =SUM(F33:F40) -> 0

Sheet 02 - CN
A1: 🚚 XE BEN 02 THÁNG 08 [ CHỦ NHẬT ] | K1: TỔNG XE NM | O1: TT | P1: n
A2: STT | B2: Biển số | C2: Tuyến / Ghi chú | D2: Loại hàng 1 | E2: Chủ hàng 1 | F2: Loại hàng 2 | G2: Chủ hàng 2 | H2: Loại hàng 3 | I2: Chủ hàng 3 | K2: Chủ hàng | L2: Chuyến | M2: % | O2: HOẠT ĐỘNG | P2: =SUM(L3:L18) -> 23
A3: 1 | B3: 63H04273 | K3: Khai Anh | L3: =COUNTIF($E$3:$E$17,K3)+COUNTIF($G$3:$G$17,K3)+COUNTIF($I$3:$I$17,K3)+COUNTIF($E$19:$E$29,K3)+COUNTIF($G$19:$G$29,K3)+COUNTIF($I$19:$I$29,K3) -> 13 | M3: =IF($K$22=0,"",L3/$K$22) -> 0.56521739 | N3: {=IF(SUMPRODUCT(COUNTIF(E3,'DANH MỤC'!$B$2:$B$17))+SUMPRODUCT(COUNTIF(G3,'DANH MỤC'!$B$2:$B$17))+SUMPRODUCT(COUNTIF(I3,'DANH MỤC'!$B$2:$B$17))>=1,1,0)} -> 0 | O3: TRỐNG LỊCH | P3: =COUNTIF($E$3:$E$17,"TRỐNG LỊCH")+COUNTIF($G$3:$G$17,"TRỐNG LỊCH")+COUNTIF($I$3:$I$17,"TRỐNG LỊCH")+COUNTIF($E$19:$E$29,"TRỐNG LỊCH")+COUNTIF($G$19:$G$29,"TRỐNG LỊCH")+COUNTIF($I$19:$I$29,"TRỐNG LỊCH") -> 1
A4: 2 | B4: 63G00286 | C4: SPPSA => CP Bầu Xéo SPPSA => CP Bầu Xéo | D4: Bã nành | E4: Hoàng Mạnh Thắng | F4: Bã nành | G4: Hoàng Mạnh Thắng | K4: Kim Bàng | L4: =COUNTIF($E$3:$E$17,K4)+COUNTIF($G$3:$G$17,K4)+COUNTIF($I$3:$I$17,K4)+COUNTIF($E$19:$E$29,K4)+COUNTIF($G$19:$G$29,K4)+COUNTIF($I$19:$I$29,K4) -> 0 | M4: =IF($K$22=0,"",L4/$K$22) -> 0 | N4: {=IF(SUMPRODUCT(COUNTIF(E4,'DANH MỤC'!$B$2:$B$17))+SUMPRODUCT(COUNTIF(G4,'DANH MỤC'!$B$2:$B$17))+SUMPRODUCT(COUNTIF(I4,'DANH MỤC'!$B$2:$B$17))>=1,1,0)} -> 1 | O4: CHUYỂN ĐIỂM | P4: =COUNTIF($E$3:$E$17,"CHUYỂN ĐIỂM")+COUNTIF($G$3:$G$17,"CHUYỂN ĐIỂM")+COUNTIF($I$3:$I$17,"CHUYỂN ĐIỂM")+COUNTIF($E$19:$E$29,"CHUYỂN ĐIỂM")+COUNTIF($G$19:$G$29,"CHUYỂN ĐIỂM")+COUNTIF($I$19:$I$29,"CHUYỂN ĐIỂM") -> 0
A5: 3 | B5: 63E01156 | C5: Quốc Tế Long An => ANT Đồng Nai | D5: Cám cọ | E5: Khai Anh | K5: Vưu Đức Phát | L5: =COUNTIF($E$3:$E$17,K5)+COUNTIF($G$3:$G$17,K5)+COUNTIF($I$3:$I$17,K5)+COUNTIF($E$19:$E$29,K5)+COUNTIF($G$19:$G$29,K5)+COUNTIF($I$19:$I$29,K5) -> 0 | M5: =IF($K$22=0,"",L5/$K$22) -> 0 | N5: {=IF(SUMPRODUCT(COUNTIF(E5,'DANH MỤC'!$B$2:$B$17))+SUMPRODUCT(COUNTIF(G5,'DANH MỤC'!$B$2:$B$17))+SUMPRODUCT(COUNTIF(I5,'DANH MỤC'!$B$2:$B$17))>=1,1,0)} -> 1 | O5: RỚT NHÀ MÁY | P5: =COUNTIF($E$3:$E$17,"RỚT NHÀ MÁY")+COUNTIF($G$3:$G$17,"RỚT NHÀ MÁY")+COUNTIF($I$3:$I$17,"RỚT NHÀ MÁY")+COUNTIF($E$19:$E$29,"RỚT NHÀ MÁY")+COUNTIF($G$19:$G$29,"RỚT NHÀ MÁY")+COUNTIF($I$19:$I$29,"RỚT NHÀ MÁY") -> 0
A6: 4 | B6: 63E01117 | C6: SPPSA => CP Bầu Xéo SPPSA => CP Bầu Xéo | D6: Bã nành | E6: Hoàng Mạnh Thắng | F6: Bã nành | G6: Hoàng Mạnh Thắng | K6: Phương Trang | L6: =COUNTIF($E$3:$E$17,K6)+COUNTIF($G$3:$G$17,K6)+COUNTIF($I$3:$I$17,K6)+COUNTIF($E$19:$E$29,K6)+COUNTIF($G$19:$G$29,K6)+COUNTIF($I$19:$I$29,K6) -> 0 | M6: =IF($K$22=0,"",L6/$K$22) -> 0 | N6: {=IF(SUMPRODUCT(COUNTIF(E6,'DANH MỤC'!$B$2:$B$17))+SUMPRODUCT(COUNTIF(G6,'DANH MỤC'!$B$2:$B$17))+SUMPRODUCT(COUNTIF(I6,'DANH MỤC'!$B$2:$B$17))>=1,1,0)} -> 1 | O6: TÀI XẾ NGHỈ | P6: =COUNTIF($E$3:$E$17,"TÀI XẾ NGHỈ")+COUNTIF($G$3:$G$17,"TÀI XẾ NGHỈ")+COUNTIF($I$3:$I$17,"TÀI XẾ NGHỈ")+COUNTIF($E$19:$E$29,"TÀI XẾ NGHỈ")+COUNTIF($G$19:$G$29,"TÀI XẾ NGHỈ")+COUNTIF($I$19:$I$29,"TÀI XẾ NGHỈ") -> 4
A7: 5 | B7: 63E01108 | C7: SPPSA => CP Bầu Xéo SPPSA => CP Bầu Xéo | D7: Bã nành | E7: Hoàng Mạnh Thắng | F7: Bã nành | G7: Hoàng Mạnh Thắng | K7: Lúa Vàng | L7: =COUNTIF($E$3:$E$17,K7)+COUNTIF($G$3:$G$17,K7)+COUNTIF($I$3:$I$17,K7)+COUNTIF($E$19:$E$29,K7)+COUNTIF($G$19:$G$29,K7)+COUNTIF($I$19:$I$29,K7) -> 0 | M7: =IF($K$22=0,"",L7/$K$22) -> 0 | N7: {=IF(SUMPRODUCT(COUNTIF(E7,'DANH MỤC'!$B$2:$B$17))+SUMPRODUCT(COUNTIF(G7,'DANH MỤC'!$B$2:$B$17))+SUMPRODUCT(COUNTIF(I7,'DANH MỤC'!$B$2:$B$17))>=1,1,0)} -> 1
A8: 6 | B8: 63F00528 | C8: Phú Mỹ => Japfa Long An ( bắp ) | D8: Bắp | E8: Khai Anh | K8: Hồng Nga | L8: =COUNTIF($E$3:$E$17,K8)+COUNTIF($G$3:$G$17,K8)+COUNTIF($I$3:$I$17,K8)+COUNTIF($E$19:$E$29,K8)+COUNTIF($G$19:$G$29,K8)+COUNTIF($I$19:$I$29,K8) -> 0 | M8: =IF($K$22=0,"",L8/$K$22) -> 0 | N8: {=IF(SUMPRODUCT(COUNTIF(E8,'DANH MỤC'!$B$2:$B$17))+SUMPRODUCT(COUNTIF(G8,'DANH MỤC'!$B$2:$B$17))+SUMPRODUCT(COUNTIF(I8,'DANH MỤC'!$B$2:$B$17))>=1,1,0)} -> 1
A9: 7 | B9: 63G00262 | C9: sửa xe | K9: Thuận An | L9: =COUNTIF($E$3:$E$17,K9)+COUNTIF($G$3:$G$17,K9)+COUNTIF($I$3:$I$17,K9)+COUNTIF($E$19:$E$29,K9)+COUNTIF($G$19:$G$29,K9)+COUNTIF($I$19:$I$29,K9) -> 0 | M9: =IF($K$22=0,"",L9/$K$22) -> 0 | N9: {=IF(SUMPRODUCT(COUNTIF(E9,'DANH MỤC'!$B$2:$B$17))+SUMPRODUCT(COUNTIF(G9,'DANH MỤC'!$B$2:$B$17))+SUMPRODUCT(COUNTIF(I9,'DANH MỤC'!$B$2:$B$17))>=1,1,0)} -> 0
A10: 8 | B10: 63H04239 | E10: TÀI XẾ NGHỈ | K10: SIM | L10: =COUNTIF($E$3:$E$17,K10)+COUNTIF($G$3:$G$17,K10)+COUNTIF($I$3:$I$17,K10)+COUNTIF($E$19:$E$29,K10)+COUNTIF($G$19:$G$29,K10)+COUNTIF($I$19:$I$29,K10) -> 0 | M10: =IF($K$22=0,"",L10/$K$22) -> 0 | N10: {=IF(SUMPRODUCT(COUNTIF(E10,'DANH MỤC'!$B$2:$B$17))+SUMPRODUCT(COUNTIF(G10,'DANH MỤC'!$B$2:$B$17))+SUMPRODUCT(COUNTIF(I10,'DANH MỤC'!$B$2:$B$17))>=1,1,0)} -> 0
A11: 9 | B11: 63E01276 | C11: Cảng Thị Vải => CP Bầu Xéo Nam Phong => CP Đồng Nai | E11: Hoàng Mạnh Thắng | G11: Khai Anh | K11: THẢO AN | L11: =COUNTIF($E$3:$E$17,K11)+COUNTIF($G$3:$G$17,K11)+COUNTIF($I$3:$I$17,K11)+COUNTIF($E$19:$E$29,K11)+COUNTIF($G$19:$G$29,K11)+COUNTIF($I$19:$I$29,K11) -> 0 | M11: =IF($K$22=0,"",L11/$K$22) -> 0 | N11: {=IF(SUMPRODUCT(COUNTIF(E11,'DANH MỤC'!$B$2:$B$17))+SUMPRODUCT(COUNTIF(G11,'DANH MỤC'!$B$2:$B$17))+SUMPRODUCT(COUNTIF(I11,'DANH MỤC'!$B$2:$B$17))>=1,1,0)} -> 1
A12: 10 | B12: 63E01103 | C12: SPPSA => CP Bầu Xéo SPPSA => CP Bầu Xéo | D12: Bã nành | E12: Hoàng Mạnh Thắng | F12: Bã nành | G12: Hoàng Mạnh Thắng | K12: Emivest | L12: =COUNTIF($E$3:$E$17,K12)+COUNTIF($G$3:$G$17,K12)+COUNTIF($I$3:$I$17,K12)+COUNTIF($E$19:$E$29,K12)+COUNTIF($G$19:$G$29,K12)+COUNTIF($I$19:$I$29,K12) -> 0 | M12: =IF($K$22=0,"",L12/$K$22) -> 0 | N12: {=IF(SUMPRODUCT(COUNTIF(E12,'DANH MỤC'!$B$2:$B$17))+SUMPRODUCT(COUNTIF(G12,'DANH MỤC'!$B$2:$B$17))+SUMPRODUCT(COUNTIF(I12,'DANH MỤC'!$B$2:$B$17))>=1,1,0)} -> 1
A13: 11 | B13: 63E01118 | C13: Nam Phong => CP Bình Dương | E13: Khai Anh | K13: LTP | L13: =COUNTIF($E$3:$E$17,K13)+COUNTIF($G$3:$G$17,K13)+COUNTIF($I$3:$I$17,K13)+COUNTIF($E$19:$E$29,K13)+COUNTIF($G$19:$G$29,K13)+COUNTIF($I$19:$I$29,K13) -> 0 | M13: =IF($K$22=0,"",L13/$K$22) -> 0 | N13: {=IF(SUMPRODUCT(COUNTIF(E13,'DANH MỤC'!$B$2:$B$17))+SUMPRODUCT(COUNTIF(G13,'DANH MỤC'!$B$2:$B$17))+SUMPRODUCT(COUNTIF(I13,'DANH MỤC'!$B$2:$B$17))>=1,1,0)} -> 1
A14: 12 | B14: 63F00511 | C14: SPPSA => CP Bầu Xéo Nam Phong => CP Bình Dương | D14: Bã nành | E14: Hoàng Mạnh Thắng | G14: Khai Anh | K14: RICO | L14: =COUNTIF($E$3:$E$17,K14)+COUNTIF($G$3:$G$17,K14)+COUNTIF($I$3:$I$17,K14)+COUNTIF($E$19:$E$29,K14)+COUNTIF($G$19:$G$29,K14)+COUNTIF($I$19:$I$29,K14) -> 0 | M14: =IF($K$22=0,"",L14/$K$22) -> 0 | N14: {=IF(SUMPRODUCT(COUNTIF(E14,'DANH MỤC'!$B$2:$B$17))+SUMPRODUCT(COUNTIF(G14,'DANH MỤC'!$B$2:$B$17))+SUMPRODUCT(COUNTIF(I14,'DANH MỤC'!$B$2:$B$17))>=1,1,0)} -> 1
A15: 13 | B15: 63H04234 | C15: QTLA => Greenfeed Long An | E15: Khai Anh | K15: Nhất Thành | L15: =COUNTIF($E$3:$E$17,K15)+COUNTIF($G$3:$G$17,K15)+COUNTIF($I$3:$I$17,K15)+COUNTIF($E$19:$E$29,K15)+COUNTIF($G$19:$G$29,K15)+COUNTIF($I$19:$I$29,K15) -> 0 | M15: =IF($K$22=0,"",L15/$K$22) -> 0 | N15: {=IF(SUMPRODUCT(COUNTIF(E15,'DANH MỤC'!$B$2:$B$17))+SUMPRODUCT(COUNTIF(G15,'DANH MỤC'!$B$2:$B$17))+SUMPRODUCT(COUNTIF(I15,'DANH MỤC'!$B$2:$B$17))>=1,1,0)} -> 1
A16: 14 | B16: 63E01235 | C16: Nam Phong => CP Bầu Xéo | E16: Khai Anh | K16: Hoàng Mạnh Thắng | L16: =COUNTIF($E$3:$E$17,K16)+COUNTIF($G$3:$G$17,K16)+COUNTIF($I$3:$I$17,K16)+COUNTIF($E$19:$E$29,K16)+COUNTIF($G$19:$G$29,K16)+COUNTIF($I$19:$I$29,K16) -> 10 | M16: =IF($K$22=0,"",L16/$K$22) -> 0.43478261 | N16: {=IF(SUMPRODUCT(COUNTIF(E16,'DANH MỤC'!$B$2:$B$17))+SUMPRODUCT(COUNTIF(G16,'DANH MỤC'!$B$2:$B$17))+SUMPRODUCT(COUNTIF(I16,'DANH MỤC'!$B$2:$B$17))>=1,1,0)} -> 1
A17: 15 | B17: 63H04236 | K17: TRANSIN | L17: =COUNTIF($E$3:$E$17,K17)+COUNTIF($G$3:$G$17,K17)+COUNTIF($I$3:$I$17,K17)+COUNTIF($E$19:$E$29,K17)+COUNTIF($G$19:$G$29,K17)+COUNTIF($I$19:$I$29,K17) -> 0 | M17: =IF($K$22=0,"",L17/$K$22) -> 0 | N17: {=IF(SUMPRODUCT(COUNTIF(E17,'DANH MỤC'!$B$2:$B$17))+SUMPRODUCT(COUNTIF(G17,'DANH MỤC'!$B$2:$B$17))+SUMPRODUCT(COUNTIF(I17,'DANH MỤC'!$B$2:$B$17))>=1,1,0)} -> 0
A18: 🚛 XE CÔNG DÀI 02 THÁNG 08 [ CHỦ NHẬT ] | K18: HDVL | L18: =COUNTIF($E$3:$E$17,K18)+COUNTIF($G$3:$G$17,K18)+COUNTIF($I$3:$I$17,K18)+COUNTIF($E$19:$E$29,K18)+COUNTIF($G$19:$G$29,K18)+COUNTIF($I$19:$I$29,K18) -> 0 | M18: =IF($K$22=0,"",L18/$K$22) -> 0
A19: 1 | B19: 63F00512 | C19: Nam Phong => Greenfeed ĐN ( bao ) | D19: Bao | E19: Khai Anh | K19: Hàng Ngoài | L19: =COUNTIF($E$3:$E$17,K19)+COUNTIF($G$3:$G$17,K19)+COUNTIF($I$3:$I$17,K19)+COUNTIF($E$19:$E$29,K19)+COUNTIF($G$19:$G$29,K19)+COUNTIF($I$19:$I$29,K19) -> 0 | M19: =IF($K$22=0,"",L19/$K$22) -> 0 | N19: {=IF(SUMPRODUCT(COUNTIF(E19,'DANH MỤC'!$B$2:$B$17))+SUMPRODUCT(COUNTIF(G19,'DANH MỤC'!$B$2:$B$17))+SUMPRODUCT(COUNTIF(I19,'DANH MỤC'!$B$2:$B$17))>=1,1,0)} -> 1
A20: 2 | B20: 63F00538 | E20: TRỐNG LỊCH | N20: {=IF(SUMPRODUCT(COUNTIF(E20,'DANH MỤC'!$B$2:$B$17))+SUMPRODUCT(COUNTIF(G20,'DANH MỤC'!$B$2:$B$17))+SUMPRODUCT(COUNTIF(I20,'DANH MỤC'!$B$2:$B$17))>=1,1,0)} -> 0
A21: 3 | B21: 63E01212 | C21: Quốc Tế Long An => ANT Đồng Nai | D21: Cám cọ | E21: Khai Anh | K21: TỔNG CHUYẾN (chính) | N21: {=IF(SUMPRODUCT(COUNTIF(E21,'DANH MỤC'!$B$2:$B$17))+SUMPRODUCT(COUNTIF(G21,'DANH MỤC'!$B$2:$B$17))+SUMPRODUCT(COUNTIF(I21,'DANH MỤC'!$B$2:$B$17))>=1,1,0)} -> 1
A22: 4 | B22: 63E01141 | C22: QTLA => Cargill Bình Dương | D22: Cám cọ | E22: Khai Anh | K22: =SUM(L3:L18) -> 23 | N22: {=IF(SUMPRODUCT(COUNTIF(E22,'DANH MỤC'!$B$2:$B$17))+SUMPRODUCT(COUNTIF(G22,'DANH MỤC'!$B$2:$B$17))+SUMPRODUCT(COUNTIF(I22,'DANH MỤC'!$B$2:$B$17))>=1,1,0)} -> 1
A23: 5 | B23: 63E01132 | C23: Quốc Tế Long An => USF DT | D23: Cám cọ | E23: Khai Anh | N23: {=IF(SUMPRODUCT(COUNTIF(E23,'DANH MỤC'!$B$2:$B$17))+SUMPRODUCT(COUNTIF(G23,'DANH MỤC'!$B$2:$B$17))+SUMPRODUCT(COUNTIF(I23,'DANH MỤC'!$B$2:$B$17))>=1,1,0)} -> 1
A24: 6 | B24: 63E01201 | C24: QTLA => Cargill Bình Dương | D24: Cám cọ | E24: Khai Anh | K24: TÌNH TRẠNG | L24: Xe | M24: % | N24: {=IF(SUMPRODUCT(COUNTIF(E24,'DANH MỤC'!$B$2:$B$17))+SUMPRODUCT(COUNTIF(G24,'DANH MỤC'!$B$2:$B$17))+SUMPRODUCT(COUNTIF(I24,'DANH MỤC'!$B$2:$B$17))>=1,1,0)} -> 1
A25: 7 | B25: 63F00516 | E25: TÀI XẾ NGHỈ | K25: TRỐNG LỊCH | L25: =COUNTIF($E$3:$E$17,K25)+COUNTIF($G$3:$G$17,K25)+COUNTIF($I$3:$I$17,K25)+COUNTIF($E$19:$E$29,K25)+COUNTIF($G$19:$G$29,K25)+COUNTIF($I$19:$I$29,K25) -> 1 | M25: =IF(SUM($L$25:$L$29)=0,0,L25/SUM($L$25:$L$29)) -> 0.035714286 | N25: {=IF(SUMPRODUCT(COUNTIF(E25,'DANH MỤC'!$B$2:$B$17))+SUMPRODUCT(COUNTIF(G25,'DANH MỤC'!$B$2:$B$17))+SUMPRODUCT(COUNTIF(I25,'DANH MỤC'!$B$2:$B$17))>=1,1,0)} -> 0
A26: 8 | B26: 63G00297 | E26: TÀI XẾ NGHỈ | K26: CHUYỂN ĐIỂM | L26: =COUNTIF($E$3:$E$17,K26)+COUNTIF($G$3:$G$17,K26)+COUNTIF($I$3:$I$17,K26)+COUNTIF($E$19:$E$29,K26)+COUNTIF($G$19:$G$29,K26)+COUNTIF($I$19:$I$29,K26) -> 0 | M26: =IF(SUM($L$25:$L$29)=0,0,L26/SUM($L$25:$L$29)) -> 0 | N26: {=IF(SUMPRODUCT(COUNTIF(E26,'DANH MỤC'!$B$2:$B$17))+SUMPRODUCT(COUNTIF(G26,'DANH MỤC'!$B$2:$B$17))+SUMPRODUCT(COUNTIF(I26,'DANH MỤC'!$B$2:$B$17))>=1,1,0)} -> 0
A27: 9 | B27: 63G00280 | E27: TÀI XẾ NGHỈ | K27: RỚT NHÀ MÁY | L27: =COUNTIF($E$3:$E$17,K27)+COUNTIF($G$3:$G$17,K27)+COUNTIF($I$3:$I$17,K27)+COUNTIF($E$19:$E$29,K27)+COUNTIF($G$19:$G$29,K27)+COUNTIF($I$19:$I$29,K27) -> 0 | M27: =IF(SUM($L$25:$L$29)=0,0,L27/SUM($L$25:$L$29)) -> 0 | N27: {=IF(SUMPRODUCT(COUNTIF(E27,'DANH MỤC'!$B$2:$B$17))+SUMPRODUCT(COUNTIF(G27,'DANH MỤC'!$B$2:$B$17))+SUMPRODUCT(COUNTIF(I27,'DANH MỤC'!$B$2:$B$17))>=1,1,0)} -> 0
A28: 10 | B28: 66H08348 | C28: Nam Phong => CP Bình Phước | D28: Cám cọ | E28: Khai Anh | K28: TÀI XẾ NGHỈ | L28: =COUNTIF($E$3:$E$17,K28)+COUNTIF($G$3:$G$17,K28)+COUNTIF($I$3:$I$17,K28)+COUNTIF($E$19:$E$29,K28)+COUNTIF($G$19:$G$29,K28)+COUNTIF($I$19:$I$29,K28) -> 4 | M28: =IF(SUM($L$25:$L$29)=0,0,L28/SUM($L$25:$L$29)) -> 0.14285714 | N28: {=IF(SUMPRODUCT(COUNTIF(E28,'DANH MỤC'!$B$2:$B$17))+SUMPRODUCT(COUNTIF(G28,'DANH MỤC'!$B$2:$B$17))+SUMPRODUCT(COUNTIF(I28,'DANH MỤC'!$B$2:$B$17))>=1,1,0)} -> 1
K29: HOẠT ĐỘNG | L29: =P2 -> 23 | M29: =IF(SUM($L$25:$L$29)=0,0,L29/SUM($L$25:$L$29)) -> 0.82142857 | N29: {=IF(SUMPRODUCT(COUNTIF(E29,'DANH MỤC'!$B$2:$B$17))+SUMPRODUCT(COUNTIF(G29,'DANH MỤC'!$B$2:$B$17))+SUMPRODUCT(COUNTIF(I29,'DANH MỤC'!$B$2:$B$17))>=1,1,0)} -> 0
K30: XE CHƯA ĐĂNG KÝ | L30: =MAX(0,COUNTA($B$3:$B$29)-SUM($L$25:$L$29)) -> 0
A31: 🔁 TĂNG BO — XE BEN (riêng) — THÁNG 08
A32: STT | B32: Biển số | C32: Tuyến / Ghi chú | D32: Loại hàng | E32: Chủ hàng | F32: Số chuyến | G32: (bảng tăng bo tính riêng, không cộng vào Tổng chuyến chính)
A33: 1 | B33: 63H04273 | C33: Bournbon => Nam Phong | F33: 1
A34: 2 | B34: 63H04234 | C34: Bournbon => Nam Phong | F34: 1
A35: 3 | B35: 63E01235 | C35: Bournbon => Nam Phong | F35: 2
A36: 4 | B36: 63H04236 | C36: Bournbon => Nam Phong | F36: 1
A37: 5
A38: 6
A39: 7
A40: 8
A41: TỔNG SỐ CHUYẾN TĂNG BO | F41: =SUM(F33:F40) -> 5

Sheet 03 - T2
A1: 🚚 XE BEN 03 THÁNG 08 [ THỨ 2 ] | K1: TỔNG XE NM | O1: TT | P1: n
A2: STT | B2: Biển số | C2: Tuyến / Ghi chú | D2: Loại hàng 1 | E2: Chủ hàng 1 | F2: Loại hàng 2 | G2: Chủ hàng 2 | H2: Loại hàng 3 | I2: Chủ hàng 3 | K2: Chủ hàng | L2: Chuyến | M2: % | O2: HOẠT ĐỘNG | P2: =SUM(L3:L18) -> 20
A3: 1 | B3: 63H04273 | C3: Quốc Tế Long An => CP Bầu Xéo | E3: Lúa Vàng | K3: Khai Anh | L3: =COUNTIF($E$3:$E$17,K3)+COUNTIF($G$3:$G$17,K3)+COUNTIF($I$3:$I$17,K3)+COUNTIF($E$19:$E$29,K3)+COUNTIF($G$19:$G$29,K3)+COUNTIF($I$19:$I$29,K3) -> 7 | M3: =IF($K$22=0,"",L3/$K$22) -> 0.35 | N3: {=IF(SUMPRODUCT(COUNTIF(E3,'DANH MỤC'!$B$2:$B$17))+SUMPRODUCT(COUNTIF(G3,'DANH MỤC'!$B$2:$B$17))+SUMPRODUCT(COUNTIF(I3,'DANH MỤC'!$B$2:$B$17))>=1,1,0)} -> 1 | O3: TRỐNG LỊCH | P3: =COUNTIF($E$3:$E$17,"TRỐNG LỊCH")+COUNTIF($G$3:$G$17,"TRỐNG LỊCH")+COUNTIF($I$3:$I$17,"TRỐNG LỊCH")+COUNTIF($E$19:$E$29,"TRỐNG LỊCH")+COUNTIF($G$19:$G$29,"TRỐNG LỊCH")+COUNTIF($I$19:$I$29,"TRỐNG LỊCH") -> 2
A4: 2 | B4: 63G00286 | C4: SPPSA => CP Bầu Xéo | D4: Bã nành | E4: Hoàng Mạnh Thắng | K4: Kim Bàng | L4: =COUNTIF($E$3:$E$17,K4)+COUNTIF($G$3:$G$17,K4)+COUNTIF($I$3:$I$17,K4)+COUNTIF($E$19:$E$29,K4)+COUNTIF($G$19:$G$29,K4)+COUNTIF($I$19:$I$29,K4) -> 0 | M4: =IF($K$22=0,"",L4/$K$22) -> 0 | N4: {=IF(SUMPRODUCT(COUNTIF(E4,'DANH MỤC'!$B$2:$B$17))+SUMPRODUCT(COUNTIF(G4,'DANH MỤC'!$B$2:$B$17))+SUMPRODUCT(COUNTIF(I4,'DANH MỤC'!$B$2:$B$17))>=1,1,0)} -> 1 | O4: CHUYỂN ĐIỂM | P4: =COUNTIF($E$3:$E$17,"CHUYỂN ĐIỂM")+COUNTIF($G$3:$G$17,"CHUYỂN ĐIỂM")+COUNTIF($I$3:$I$17,"CHUYỂN ĐIỂM")+COUNTIF($E$19:$E$29,"CHUYỂN ĐIỂM")+COUNTIF($G$19:$G$29,"CHUYỂN ĐIỂM")+COUNTIF($I$19:$I$29,"CHUYỂN ĐIỂM") -> 0
A5: 3 | B5: 63E01156 | C5: SPPSA => CP Bầu Xéo | D5: Bã nành | E5: Hoàng Mạnh Thắng | K5: Vưu Đức Phát | L5: =COUNTIF($E$3:$E$17,K5)+COUNTIF($G$3:$G$17,K5)+COUNTIF($I$3:$I$17,K5)+COUNTIF($E$19:$E$29,K5)+COUNTIF($G$19:$G$29,K5)+COUNTIF($I$19:$I$29,K5) -> 0 | M5: =IF($K$22=0,"",L5/$K$22) -> 0 | N5: {=IF(SUMPRODUCT(COUNTIF(E5,'DANH MỤC'!$B$2:$B$17))+SUMPRODUCT(COUNTIF(G5,'DANH MỤC'!$B$2:$B$17))+SUMPRODUCT(COUNTIF(I5,'DANH MỤC'!$B$2:$B$17))>=1,1,0)} -> 1 | O5: RỚT NHÀ MÁY | P5: =COUNTIF($E$3:$E$17,"RỚT NHÀ MÁY")+COUNTIF($G$3:$G$17,"RỚT NHÀ MÁY")+COUNTIF($I$3:$I$17,"RỚT NHÀ MÁY")+COUNTIF($E$19:$E$29,"RỚT NHÀ MÁY")+COUNTIF($G$19:$G$29,"RỚT NHÀ MÁY")+COUNTIF($I$19:$I$29,"RỚT NHÀ MÁY") -> 0
A6: 4 | B6: 63E01117 | C6: SPPSA => CP Bầu Xéo | D6: Bã nành | E6: Hoàng Mạnh Thắng | K6: Phương Trang | L6: =COUNTIF($E$3:$E$17,K6)+COUNTIF($G$3:$G$17,K6)+COUNTIF($I$3:$I$17,K6)+COUNTIF($E$19:$E$29,K6)+COUNTIF($G$19:$G$29,K6)+COUNTIF($I$19:$I$29,K6) -> 0 | M6: =IF($K$22=0,"",L6/$K$22) -> 0 | N6: {=IF(SUMPRODUCT(COUNTIF(E6,'DANH MỤC'!$B$2:$B$17))+SUMPRODUCT(COUNTIF(G6,'DANH MỤC'!$B$2:$B$17))+SUMPRODUCT(COUNTIF(I6,'DANH MỤC'!$B$2:$B$17))>=1,1,0)} -> 1 | O6: TÀI XẾ NGHỈ | P6: =COUNTIF($E$3:$E$17,"TÀI XẾ NGHỈ")+COUNTIF($G$3:$G$17,"TÀI XẾ NGHỈ")+COUNTIF($I$3:$I$17,"TÀI XẾ NGHỈ")+COUNTIF($E$19:$E$29,"TÀI XẾ NGHỈ")+COUNTIF($G$19:$G$29,"TÀI XẾ NGHỈ")+COUNTIF($I$19:$I$29,"TÀI XẾ NGHỈ") -> 3
A7: 5 | B7: 63E01108 | C7: SPPSA => CP Bầu Xéo Kho Tùng Lâm => CP Bầu Xéo | D7: Bã nành | E7: Hoàng Mạnh Thắng | F7: DDGS | G7: Thuận An | K7: Lúa Vàng | L7: =COUNTIF($E$3:$E$17,K7)+COUNTIF($G$3:$G$17,K7)+COUNTIF($I$3:$I$17,K7)+COUNTIF($E$19:$E$29,K7)+COUNTIF($G$19:$G$29,K7)+COUNTIF($I$19:$I$29,K7) -> 1 | M7: =IF($K$22=0,"",L7/$K$22) -> 0.05 | N7: {=IF(SUMPRODUCT(COUNTIF(E7,'DANH MỤC'!$B$2:$B$17))+SUMPRODUCT(COUNTIF(G7,'DANH MỤC'!$B$2:$B$17))+SUMPRODUCT(COUNTIF(I7,'DANH MỤC'!$B$2:$B$17))>=1,1,0)} -> 1
A8: 6 | B8: 63F00528 | C8: Nam Phong => CP Bình Dương | E8: Khai Anh | K8: Hồng Nga | L8: =COUNTIF($E$3:$E$17,K8)+COUNTIF($G$3:$G$17,K8)+COUNTIF($I$3:$I$17,K8)+COUNTIF($E$19:$E$29,K8)+COUNTIF($G$19:$G$29,K8)+COUNTIF($I$19:$I$29,K8) -> 0 | M8: =IF($K$22=0,"",L8/$K$22) -> 0 | N8: {=IF(SUMPRODUCT(COUNTIF(E8,'DANH MỤC'!$B$2:$B$17))+SUMPRODUCT(COUNTIF(G8,'DANH MỤC'!$B$2:$B$17))+SUMPRODUCT(COUNTIF(I8,'DANH MỤC'!$B$2:$B$17))>=1,1,0)} -> 1
A9: 7 | B9: 63G00262 | C9: Sửa xe | E9: TRỐNG LỊCH | K9: Thuận An | L9: =COUNTIF($E$3:$E$17,K9)+COUNTIF($G$3:$G$17,K9)+COUNTIF($I$3:$I$17,K9)+COUNTIF($E$19:$E$29,K9)+COUNTIF($G$19:$G$29,K9)+COUNTIF($I$19:$I$29,K9) -> 2 | M9: =IF($K$22=0,"",L9/$K$22) -> 0.1 | N9: {=IF(SUMPRODUCT(COUNTIF(E9,'DANH MỤC'!$B$2:$B$17))+SUMPRODUCT(COUNTIF(G9,'DANH MỤC'!$B$2:$B$17))+SUMPRODUCT(COUNTIF(I9,'DANH MỤC'!$B$2:$B$17))>=1,1,0)} -> 0
A10: 8 | B10: 63H04239 | E10: TÀI XẾ NGHỈ | K10: SIM | L10: =COUNTIF($E$3:$E$17,K10)+COUNTIF($G$3:$G$17,K10)+COUNTIF($I$3:$I$17,K10)+COUNTIF($E$19:$E$29,K10)+COUNTIF($G$19:$G$29,K10)+COUNTIF($I$19:$I$29,K10) -> 0 | M10: =IF($K$22=0,"",L10/$K$22) -> 0 | N10: {=IF(SUMPRODUCT(COUNTIF(E10,'DANH MỤC'!$B$2:$B$17))+SUMPRODUCT(COUNTIF(G10,'DANH MỤC'!$B$2:$B$17))+SUMPRODUCT(COUNTIF(I10,'DANH MỤC'!$B$2:$B$17))>=1,1,0)} -> 0
A11: 9 | B11: 63E01276 | C11: Phú Mỹ => EH Long An ( bắp ) | D11: Bắp | E11: Khai Anh | K11: THẢO AN | L11: =COUNTIF($E$3:$E$17,K11)+COUNTIF($G$3:$G$17,K11)+COUNTIF($I$3:$I$17,K11)+COUNTIF($E$19:$E$29,K11)+COUNTIF($G$19:$G$29,K11)+COUNTIF($I$19:$I$29,K11) -> 0 | M11: =IF($K$22=0,"",L11/$K$22) -> 0 | N11: {=IF(SUMPRODUCT(COUNTIF(E11,'DANH MỤC'!$B$2:$B$17))+SUMPRODUCT(COUNTIF(G11,'DANH MỤC'!$B$2:$B$17))+SUMPRODUCT(COUNTIF(I11,'DANH MỤC'!$B$2:$B$17))>=1,1,0)} -> 1
A12: 10 | B12: 63E01103 | C12: Kho Elmundo ĐN => CP Bầu Xéo Phú Mỹ => EH Long An | D12: DDGS | E12: Thuận An | F12: Bắp | G12: Khai Anh | K12: Emivest | L12: =COUNTIF($E$3:$E$17,K12)+COUNTIF($G$3:$G$17,K12)+COUNTIF($I$3:$I$17,K12)+COUNTIF($E$19:$E$29,K12)+COUNTIF($G$19:$G$29,K12)+COUNTIF($I$19:$I$29,K12) -> 0 | M12: =IF($K$22=0,"",L12/$K$22) -> 0 | N12: {=IF(SUMPRODUCT(COUNTIF(E12,'DANH MỤC'!$B$2:$B$17))+SUMPRODUCT(COUNTIF(G12,'DANH MỤC'!$B$2:$B$17))+SUMPRODUCT(COUNTIF(I12,'DANH MỤC'!$B$2:$B$17))>=1,1,0)} -> 1
A13: 11 | B13: 63E01118 | C13: SPPSA => CP Bầu Xéo | D13: Bã nành | E13: Hoàng Mạnh Thắng | K13: LTP | L13: =COUNTIF($E$3:$E$17,K13)+COUNTIF($G$3:$G$17,K13)+COUNTIF($I$3:$I$17,K13)+COUNTIF($E$19:$E$29,K13)+COUNTIF($G$19:$G$29,K13)+COUNTIF($I$19:$I$29,K13) -> 0 | M13: =IF($K$22=0,"",L13/$K$22) -> 0 | N13: {=IF(SUMPRODUCT(COUNTIF(E13,'DANH MỤC'!$B$2:$B$17))+SUMPRODUCT(COUNTIF(G13,'DANH MỤC'!$B$2:$B$17))+SUMPRODUCT(COUNTIF(I13,'DANH MỤC'!$B$2:$B$17))>=1,1,0)} -> 1
